province_code	code	name	type
01	00004	Phường Ba Đình	Phường
01	00008	Phường Ngọc Hà	Phường
01	00025	Phường Giảng Võ	Phường
01	00070	Phường Hoàn Kiếm	Phường
01	00082	Phường Cửa Nam	Phường
01	00091	Phường Phú Thượng	Phường
01	00097	Phường Hồng Hà	Phường
01	00103	Phường Tây Hồ	Phường
01	00118	Phường Bồ Đề	Phường
01	00127	Phường Việt Hưng	Phường
01	00136	Phường Phúc Lợi	Phường
01	00145	Phường Long Biên	Phường
01	00160	Phường Nghĩa Đô	Phường
01	00166	Phường Cầu Giấy	Phường
01	00175	Phường Yên Hòa	Phường
01	00190	Phường Ô Chợ Dừa	Phường
01	00199	Phường Láng	Phường
01	00226	Phường Văn Miếu - Quốc Tử Giám	Phường
01	00229	Phường Kim Liên	Phường
01	00235	Phường Đống Đa	Phường
01	00256	Phường Hai Bà Trưng	Phường
01	00283	Phường Vĩnh Tuy	Phường
01	00292	Phường Bạch Mai	Phường
01	00301	Phường Vĩnh Hưng	Phường
01	00316	Phường Định Công	Phường
01	00322	Phường Tương Mai	Phường
01	00328	Phường Lĩnh Nam	Phường
01	00331	Phường Hoàng Mai	Phường
01	00337	Phường Hoàng Liệt	Phường
01	00340	Phường Yên Sở	Phường
01	00352	Phường Phương Liệt	Phường
01	00364	Phường Khương Đình	Phường
01	00367	Phường Thanh Xuân	Phường
01	00376	Xã Sóc Sơn	Xã
01	00382	Xã Kim Anh	Xã
01	00385	Xã Trung Giã	Xã
01	00430	Xã Đa Phúc	Xã
01	00433	Xã Nội Bài	Xã
01	00454	Xã Đông Anh	Xã
01	00466	Xã Phúc Thịnh	Xã
01	00475	Xã Thư Lâm	Xã
01	00493	Xã Thiên Lộc	Xã
01	00508	Xã Vĩnh Thanh	Xã
01	00541	Xã Phù Đổng	Xã
01	00562	Xã Thuận An	Xã
01	00565	Xã Gia Lâm	Xã
01	00577	Xã Bát Tràng	Xã
01	00592	Phường Từ Liêm	Phường
01	00598	Phường Thượng Cát	Phường
01	00602	Phường Đông Ngạc	Phường
01	00611	Phường Xuân Đỉnh	Phường
01	00613	Phường Tây Tựu	Phường
01	00619	Phường Phú Diễn	Phường
01	00622	Phường Xuân Phương	Phường
01	00634	Phường Tây Mỗ	Phường
01	00637	Phường Đại Mỗ	Phường
01	00640	Xã Thanh Trì	Xã
01	00643	Phường Thanh Liệt	Phường
01	00664	Xã Đại Thanh	Xã
01	00679	Xã Ngọc Hồi	Xã
01	00685	Xã Nam Phù	Xã
01	04930	Xã Yên Xuân	Xã
01	08974	Xã Quang Minh	Xã
01	08980	Xã Yên Lãng	Xã
01	08995	Xã Tiến Thắng	Xã
01	09022	Xã Mê Linh	Xã
01	09552	Phường Kiến Hưng	Phường
01	09556	Phường Hà Đông	Phường
01	09562	Phường Yên Nghĩa	Phường
01	09568	Phường Phú Lương	Phường
01	09574	Phường Sơn Tây	Phường
01	09604	Phường Tùng Thiện	Phường
01	09616	Xã Đoài Phương	Xã
01	09619	Xã Quảng Oai	Xã
01	09634	Xã Cổ Đô	Xã
01	09661	Xã Minh Châu	Xã
01	09664	Xã Vật Lại	Xã
01	09676	Xã Bất Bạt	Xã
01	09694	Xã Suối Hai	Xã
01	09700	Xã Ba Vì	Xã
01	09706	Xã Yên Bài	Xã
01	09715	Xã Phúc Thọ	Xã
01	09739	Xã Phúc Lộc	Xã
01	09772	Xã Hát Môn	Xã
01	09784	Xã Đan Phượng	Xã
01	09787	Xã Liên Minh	Xã
01	09817	Xã Ô Diên	Xã
01	09832	Xã Hoài Đức	Xã
01	09856	Xã Dương Hòa	Xã
01	09871	Xã Sơn Đồng	Xã
01	09877	Xã An Khánh	Xã
01	09886	Phường Dương Nội	Phường
01	09895	Xã Quốc Oai	Xã
01	09910	Xã Kiều Phú	Xã
01	09931	Xã Hưng Đạo	Xã
01	09952	Xã Phú Cát	Xã
01	09955	Xã Thạch Thất	Xã
01	09982	Xã Hạ Bằng	Xã
01	09988	Xã Hòa Lạc	Xã
01	10003	Xã Tây Phương	Xã
01	10015	Phường Chương Mỹ	Phường
01	10030	Xã Phú Nghĩa	Xã
01	10045	Xã Xuân Mai	Xã
01	10072	Xã Quảng Bị	Xã
01	10081	Xã Trần Phú	Xã
01	10096	Xã Hòa Phú	Xã
01	10114	Xã Thanh Oai	Xã
01	10126	Xã Bình Minh	Xã
01	10144	Xã Tam Hưng	Xã
01	10180	Xã Dân Hòa	Xã
01	10183	Xã Thường Tín	Xã
01	10210	Xã Hồng Vân	Xã
01	10231	Xã Thượng Phúc	Xã
01	10237	Xã Chương Dương	Xã
01	10273	Xã Phú Xuyên	Xã
01	10279	Xã Phượng Dực	Xã
01	10330	Xã Chuyên Mỹ	Xã
01	10342	Xã Đại Xuyên	Xã
01	10354	Xã Vân Đình	Xã
01	10369	Xã Ứng Thiên	Xã
01	10402	Xã Ứng Hòa	Xã
01	10417	Xã Hòa Xá	Xã
01	10441	Xã Mỹ Đức	Xã
01	10459	Xã Phúc Sơn	Xã
01	10465	Xã Hồng Sơn	Xã
01	10489	Xã Hương Sơn	Xã
04	01273	Phường Thục Phán	Phường
04	01279	Phường Nùng Trí Cao	Phường
04	01288	Phường Tân Giang	Phường
04	01290	Xã Bảo Lâm	Xã
04	01294	Xã Lý Bôn	Xã
04	01297	Xã Nam Quang	Xã
04	01304	Xã Quảng Lâm	Xã
04	01318	Xã Yên Thổ	Xã
04	01321	Xã Bảo Lạc	Xã
04	01324	Xã Cốc Pàng	Xã
04	01327	Xã Cô Ba	Xã
04	01336	Xã Khánh Xuân	Xã
04	01339	Xã Xuân Trường	Xã
04	01351	Xã Hưng Đạo	Xã
04	01354	Xã Huy Giáp	Xã
04	01360	Xã Sơn Lộ	Xã
04	01363	Xã Thông Nông	Xã
04	01366	Xã Cần Yên	Xã
04	01387	Xã Thanh Long	Xã
04	01392	Xã Trường Hà	Xã
04	01393	Xã Lũng Nặm	Xã
04	01414	Xã Tổng Cọt	Xã
04	01438	Xã Hà Quảng	Xã
04	01447	Xã Trà Lĩnh	Xã
04	01456	Xã Quang Hán	Xã
04	01465	Xã Quang Trung	Xã
04	01477	Xã Trùng Khánh	Xã
04	01489	Xã Đình Phong	Xã
04	01501	Xã Đàm Thủy	Xã
04	01525	Xã Đoài Dương	Xã
04	01537	Xã Lý Quốc	Xã
04	01552	Xã Quang Long	Xã
04	01558	Xã Hạ Lang	Xã
04	01561	Xã Vinh Quý	Xã
04	01576	Xã Quảng Uyên	Xã
04	01594	Xã Độc Lập	Xã
04	01618	Xã Hạnh Phúc	Xã
04	01636	Xã Bế Văn Đàn	Xã
04	01648	Xã Phục Hòa	Xã
04	01654	Xã Hòa An	Xã
04	01660	Xã Nam Tuấn	Xã
04	01699	Xã Nguyễn Huệ	Xã
04	01708	Xã Bạch Đằng	Xã
04	01726	Xã Nguyên Bình	Xã
04	01729	Xã Tĩnh Túc	Xã
04	01738	Xã Ca Thành	Xã
04	01747	Xã Minh Tâm	Xã
04	01768	Xã Phan Thanh	Xã
04	01774	Xã Tam Kim	Xã
04	01777	Xã Thành Công	Xã
04	01786	Xã Đông Khê	Xã
04	01789	Xã Canh Tân	Xã
04	01792	Xã Kim Đồng	Xã
04	01795	Xã Minh Khai	Xã
04	01807	Xã Thạch An	Xã
04	01822	Xã Đức Long	Xã
08	00691	Phường Hà Giang 2	Phường
08	00694	Phường Hà Giang 1	Phường
08	00700	Xã Ngọc Đường	Xã
08	00706	Xã Phú Linh	Xã
08	00715	Xã Lũng Cú	Xã
08	00721	Xã Đồng Văn	Xã
08	00733	Xã Sà Phìn	Xã
08	00745	Xã Phố Bảng	Xã
08	00763	Xã Lũng Phìn	Xã
08	00769	Xã Mèo Vạc	Xã
08	00778	Xã Sơn Vĩ	Xã
08	00787	Xã Sủng Máng	Xã
08	00802	Xã Khâu Vai	Xã
08	00808	Xã Tát Ngà	Xã
08	00817	Xã Niêm Sơn	Xã
08	00820	Xã Yên Minh	Xã
08	00829	Xã Thắng Mố	Xã
08	00832	Xã Bạch Đích	Xã
08	00847	Xã Mậu Duệ	Xã
08	00859	Xã Ngọc Long	Xã
08	00865	Xã Đường Thượng	Xã
08	00871	Xã Du Già	Xã
08	00874	Xã Quản Bạ	Xã
08	00883	Xã Cán Tỷ	Xã
08	00889	Xã Nghĩa Thuận	Xã
08	00892	Xã Tùng Vài	Xã
08	00901	Xã Lùng Tám	Xã
08	00913	Xã Vị Xuyên	Xã
08	00919	Xã Minh Tân	Xã
08	00922	Xã Thuận Hoà	Xã
08	00925	Xã Tùng Bá	Xã
08	00928	Xã Thanh Thủy	Xã
08	00937	Xã Lao Chải	Xã
08	00952	Xã Cao Bồ	Xã
08	00958	Xã Thượng Sơn	Xã
08	00967	Xã Việt Lâm	Xã
08	00970	Xã Linh Hồ	Xã
08	00976	Xã Bạch Ngọc	Xã
08	00982	Xã Minh Sơn	Xã
08	00985	Xã Giáp Trung	Xã
08	00991	Xã Bắc Mê	Xã
08	00994	Xã Minh Ngọc	Xã
08	01006	Xã Yên Cường	Xã
08	01012	Xã Đường Hồng	Xã
08	01021	Xã Hoàng Su Phì	Xã
08	01024	Xã Bản Máy	Xã
08	01033	Xã Thàng Tín	Xã
08	01051	Xã Tân Tiến	Xã
08	01057	Xã Pờ Ly Ngài	Xã
08	01075	Xã Nậm Dịch	Xã
08	01084	Xã Hồ Thầu	Xã
08	01090	Xã Thông Nguyên	Xã
08	01096	Xã Pà Vầy Sủ	Xã
08	01108	Xã Xín Mần	Xã
08	01117	Xã Trung Thịnh	Xã
08	01141	Xã Nấm Dẩn	Xã
08	01144	Xã Quảng Nguyên	Xã
08	01147	Xã Khuôn Lùng	Xã
08	01153	Xã Bắc Quang	Xã
08	01156	Xã Vĩnh Tuy	Xã
08	01165	Xã Đồng Tâm	Xã
08	01171	Xã Tân Quang	Xã
08	01180	Xã Bằng Hành	Xã
08	01192	Xã Liên Hiệp	Xã
08	01201	Xã Hùng An	Xã
08	01216	Xã Đồng Yên	Xã
08	01225	Xã Tiên Nguyên	Xã
08	01234	Xã Yên Thành	Xã
08	01237	Xã Quang Bình	Xã
08	01243	Xã Tân Trịnh	Xã
08	01246	Xã Bằng Lang	Xã
08	01255	Xã Xuân Giang	Xã
08	01261	Xã Tiên Yên	Xã
08	02212	Phường Nông Tiến	Phường
08	02215	Phường Minh Xuân	Phường
08	02221	Xã Nà Hang	Xã
08	02239	Xã Thượng Nông	Xã
08	02245	Xã Côn Lôn	Xã
08	02248	Xã Yên Hoa	Xã
08	02260	Xã Hồng Thái	Xã
08	02266	Xã Lâm Bình	Xã
08	02269	Xã Thượng Lâm	Xã
08	02287	Xã Chiêm Hoá	Xã
08	02296	Xã Bình An	Xã
08	02302	Xã Minh Quang	Xã
08	02305	Xã Trung Hà	Xã
08	02308	Xã Tân Mỹ	Xã
08	02317	Xã Yên Lập	Xã
08	02320	Xã Tân An	Xã
08	02332	Xã Kiên Đài	Xã
08	02350	Xã Kim Bình	Xã
08	02353	Xã Hoà An	Xã
08	02359	Xã Tri Phú	Xã
08	02365	Xã Yên Nguyên	Xã
08	02374	Xã Hàm Yên	Xã
08	02380	Xã Bạch Xa	Xã
08	02392	Xã Phù Lưu	Xã
08	02398	Xã Yên Phú	Xã
08	02404	Xã Bình Xa	Xã
08	02407	Xã Thái Sơn	Xã
08	02419	Xã Thái Hoà	Xã
08	02425	Xã Hùng Đức	Xã
08	02434	Xã Lực Hành	Xã
08	02437	Xã Kiến Thiết	Xã
08	02449	Xã Xuân Vân	Xã
08	02455	Xã Hùng Lợi	Xã
08	02458	Xã Trung Sơn	Xã
08	02470	Xã Tân Long	Xã
08	02473	Xã Yên Sơn	Xã
08	02494	Xã Thái Bình	Xã
08	02509	Phường Mỹ Lâm	Phường
08	02512	Phường An Tường	Phường
08	02524	Phường Bình Thuận	Phường
08	02530	Xã Nhữ Khê	Xã
08	02536	Xã Sơn Dương	Xã
08	02545	Xã Tân Trào	Xã
08	02548	Xã Bình Ca	Xã
08	02554	Xã Minh Thanh	Xã
08	02572	Xã Đông Thọ	Xã
08	02578	Xã Tân Thanh	Xã
08	02608	Xã Hồng Sơn	Xã
08	02611	Xã Phú Lương	Xã
08	02620	Xã Sơn Thuỷ	Xã
08	02623	Xã Trường Sinh	Xã
11	03127	Phường Điện Biên Phủ	Phường
11	03151	Phường Mường Lay	Phường
11	03158	Xã Sín Thầu	Xã
11	03160	Xã Mường Nhé	Xã
11	03162	Xã Nậm Kè	Xã
11	03163	Xã Mường Toong	Xã
11	03164	Xã Quảng Lâm	Xã
11	03166	Xã Mường Chà	Xã
11	03169	Xã Nà Hỳ	Xã
11	03172	Xã Na Sang	Xã
11	03175	Xã Chà Tở	Xã
11	03176	Xã Nà Bủng	Xã
11	03181	Xã Mường Tùng	Xã
11	03193	Xã Pa Ham	Xã
11	03194	Xã Nậm Nèn	Xã
11	03199	Xã Si Pa Phìn	Xã
11	03202	Xã Mường Pồn	Xã
11	03203	Xã Na Son	Xã
11	03208	Xã Xa Dung	Xã
11	03214	Xã Mường Luân	Xã
11	03217	Xã Tủa Chùa	Xã
11	03220	Xã Tủa Thàng	Xã
11	03226	Xã Sín Chải	Xã
11	03241	Xã Sính Phình	Xã
11	03244	Xã Sáng Nhè	Xã
11	03253	Xã Tuần Giáo	Xã
11	03256	Xã Mường Ảng	Xã
11	03260	Xã Pú Nhung	Xã
11	03268	Xã Mường Mùn	Xã
11	03283	Xã Chiềng Sinh	Xã
11	03295	Xã Quài Tở	Xã
11	03301	Xã Búng Lao	Xã
11	03313	Xã Mường Lạn	Xã
11	03316	Xã Nà Tấu	Xã
11	03325	Xã Mường Phăng	Xã
11	03328	Xã Thanh Nưa	Xã
11	03334	Phường Mường Thanh	Phường
11	03349	Xã Thanh Yên	Xã
11	03352	Xã Thanh An	Xã
11	03356	Xã Sam Mứn	Xã
11	03358	Xã Núa Ngam	Xã
11	03368	Xã Mường Nhà	Xã
11	03370	Xã Pu Nhi	Xã
11	03382	Xã Phình Giàng	Xã
11	03385	Xã Tìa Dình	Xã
12	03388	Phường Đoàn Kết	Phường
12	03390	Xã Bình Lư	Xã
12	03394	Xã Sin Suối Hồ	Xã
12	03405	Xã Tả Lèng	Xã
12	03408	Phường Tân Phong	Phường
12	03424	Xã Bản Bo	Xã
12	03430	Xã Khun Há	Xã
12	03433	Xã Bum Tở	Xã
12	03434	Xã Nậm Hàng	Xã
12	03439	Xã Thu Lũm	Xã
12	03442	Xã Pa Ủ	Xã
12	03445	Xã Mường Tè	Xã
12	03451	Xã Mù Cả	Xã
12	03460	Xã Hua Bum	Xã
12	03463	Xã Tà Tổng	Xã
12	03466	Xã Bum Nưa	Xã
12	03472	Xã Mường Mô	Xã
12	03478	Xã Sìn Hồ	Xã
12	03487	Xã Lê Lợi	Xã
12	03503	Xã Pa Tần	Xã
12	03508	Xã Hồng Thu	Xã
12	03517	Xã Nậm Tăm	Xã
12	03529	Xã Tủa Sín Chải	Xã
12	03532	Xã Pu Sam Cáp	Xã
12	03538	Xã Nậm Mạ	Xã
12	03544	Xã Nậm Cuổi	Xã
12	03549	Xã Phong Thổ	Xã
12	03562	Xã Sì Lở Lầu	Xã
12	03571	Xã Dào San	Xã
12	03583	Xã Khổng Lào	Xã
12	03595	Xã Than Uyên	Xã
12	03598	Xã Tân Uyên	Xã
12	03601	Xã Mường Khoa	Xã
12	03613	Xã Nậm Sỏ	Xã
12	03616	Xã Pắc Ta	Xã
12	03618	Xã Mường Than	Xã
12	03637	Xã Mường Kim	Xã
12	03640	Xã Khoen On	Xã
14	03646	Phường Tô Hiệu	Phường
14	03664	Phường Chiềng An	Phường
14	03670	Phường Chiềng Cơi	Phường
14	03679	Phường Chiềng Sinh	Phường
14	03688	Xã Mường Chiên	Xã
14	03694	Xã Mường Giôn	Xã
14	03703	Xã Quỳnh Nhai	Xã
14	03712	Xã Mường Sại	Xã
14	03721	Xã Thuận Châu	Xã
14	03724	Xã Bình Thuận	Xã
14	03727	Xã Mường É	Xã
14	03754	Xã Chiềng La	Xã
14	03757	Xã Mường Khiêng	Xã
14	03760	Xã Mường Bám	Xã
14	03763	Xã Long Hẹ	Xã
14	03781	Xã Co Mạ	Xã
14	03784	Xã Nậm Lầu	Xã
14	03799	Xã Muổi Nọi	Xã
14	03808	Xã Mường La	Xã
14	03814	Xã Chiềng Lao	Xã
14	03820	Xã Ngọc Chiến	Xã
14	03847	Xã Mường Bú	Xã
14	03850	Xã Chiềng Hoa	Xã
14	03856	Xã Bắc Yên	Xã
14	03862	Xã Xím Vàng	Xã
14	03868	Xã Tà Xùa	Xã
14	03871	Xã Pắc Ngà	Xã
14	03880	Xã Tạ Khoa	Xã
14	03892	Xã Chiềng Sại	Xã
14	03901	Xã Suối Tọ	Xã
14	03907	Xã Mường Cơi	Xã
14	03910	Xã Phù Yên	Xã
14	03922	Xã Gia Phù	Xã
14	03943	Xã Mường Bang	Xã
14	03958	Xã Tường Hạ	Xã
14	03961	Xã Kim Bon	Xã
14	03970	Xã Tân Phong	Xã
14	03979	Phường Mộc Sơn	Phường
14	03980	Phường Mộc Châu	Phường
14	03982	Phường Thảo Nguyên	Phường
14	03985	Xã Chiềng Sơn	Xã
14	03997	Xã Tân Yên	Xã
14	04000	Xã Đoàn Kết	Xã
14	04006	Xã Song Khủa	Xã
14	04018	Xã Tô Múa	Xã
14	04033	Phường Vân Sơn	Phường
14	04045	Xã Lóng Sập	Xã
14	04048	Xã Vân Hồ	Xã
14	04057	Xã Xuân Nha	Xã
14	04075	Xã Yên Châu	Xã
14	04078	Xã Chiềng Hặc	Xã
14	04087	Xã Yên Sơn	Xã
14	04096	Xã Lóng Phiêng	Xã
14	04099	Xã Phiêng Khoài	Xã
14	04105	Xã Mai Sơn	Xã
14	04108	Xã Chiềng Sung	Xã
14	04117	Xã Mường Chanh	Xã
14	04123	Xã Chiềng Mung	Xã
14	04132	Xã Chiềng Mai	Xã
14	04136	Xã Tà Hộc	Xã
14	04144	Xã Phiêng Cằm	Xã
14	04159	Xã Phiêng Pằn	Xã
14	04168	Xã Sông Mã	Xã
14	04171	Xã Bó Sinh	Xã
14	04183	Xã Mường Lầm	Xã
14	04186	Xã Nậm Ty	Xã
14	04195	Xã Chiềng Sơ	Xã
14	04204	Xã Chiềng Khoong	Xã
14	04210	Xã Huổi Một	Xã
14	04219	Xã Mường Hung	Xã
14	04222	Xã Chiềng Khương	Xã
14	04228	Xã Púng Bánh	Xã
14	04231	Xã Sốp Cộp	Xã
14	04240	Xã Mường Lèo	Xã
14	04246	Xã Mường Lạn	Xã
15	02647	Phường Lào Cai	Phường
15	02671	Phường Cam Đường	Phường
15	02680	Xã Hợp Thành	Xã
15	02683	Xã Bát Xát	Xã
15	02686	Xã A Mú Sung	Xã
15	02695	Xã Trịnh Tường	Xã
15	02701	Xã Y Tý	Xã
15	02707	Xã Dền Sáng	Xã
15	02725	Xã Bản Xèo	Xã
15	02728	Xã Mường Hum	Xã
15	02746	Xã Cốc San	Xã
15	02752	Xã Pha Long	Xã
15	02761	Xã Mường Khương	Xã
15	02782	Xã Cao Sơn	Xã
15	02788	Xã Bản Lầu	Xã
15	02809	Xã Si Ma Cai	Xã
15	02824	Xã Sín Chéng	Xã
15	02839	Xã Bắc Hà	Xã
15	02842	Xã Tả Củ Tỷ	Xã
15	02848	Xã Lùng Phình	Xã
15	02869	Xã Bản Liền	Xã
15	02890	Xã Bảo Nhai	Xã
15	02896	Xã Cốc Lầu	Xã
15	02902	Xã Phong Hải	Xã
15	02905	Xã Bảo Thắng	Xã
15	02908	Xã Tằng Loỏng	Xã
15	02923	Xã Gia Phú	Xã
15	02926	Xã Xuân Quang	Xã
15	02947	Xã Bảo Yên	Xã
15	02953	Xã Nghĩa Đô	Xã
15	02962	Xã Xuân Hòa	Xã
15	02968	Xã Thượng Hà	Xã
15	02989	Xã Bảo Hà	Xã
15	02998	Xã Phúc Khánh	Xã
15	03004	Xã Ngũ Chỉ Sơn	Xã
15	03006	Phường Sa Pa	Phường
15	03013	Xã Tả Phìn	Xã
15	03037	Xã Tả Van	Xã
15	03043	Xã Mường Bo	Xã
15	03046	Xã Bản Hồ	Xã
15	03061	Xã Võ Lao	Xã
15	03076	Xã Nậm Chày	Xã
15	03082	Xã Văn Bàn	Xã
15	03085	Xã Nậm Xé	Xã
15	03091	Xã Chiềng Ken	Xã
15	03103	Xã Khánh Yên	Xã
15	03106	Xã Dương Quỳ	Xã
15	03121	Xã Minh Lương	Xã
15	04252	Phường Yên Bái	Phường
15	04273	Phường Nam Cường	Phường
15	04279	Phường Văn Phú	Phường
15	04288	Phường Nghĩa Lộ	Phường
15	04303	Xã Lục Yên	Xã
15	04309	Xã Lâm Thượng	Xã
15	04336	Xã Tân Lĩnh	Xã
15	04342	Xã Khánh Hòa	Xã
15	04345	Xã Mường Lai	Xã
15	04363	Xã Phúc Lợi	Xã
15	04375	Xã Mậu A	Xã
15	04381	Xã Lâm Giang	Xã
15	04387	Xã Châu Quế	Xã
15	04399	Xã Đông Cuông	Xã
15	04402	Xã Phong Dụ Hạ	Xã
15	04423	Xã Phong Dụ Thượng	Xã
15	04429	Xã Tân Hợp	Xã
15	04441	Xã Xuân Ái	Xã
15	04450	Xã Mỏ Vàng	Xã
15	04456	Xã Mù Cang Chải	Xã
15	04462	Xã Nậm Có	Xã
15	04465	Xã Khao Mang	Xã
15	04474	Xã Lao Chải	Xã
15	04489	Xã Chế Tạo	Xã
15	04492	Xã Púng Luông	Xã
15	04498	Xã Trấn Yên	Xã
15	04531	Xã Quy Mông	Xã
15	04537	Xã Lương Thịnh	Xã
15	04543	Phường Âu Lâu	Phường
15	04564	Xã Việt Hồng	Xã
15	04576	Xã Hưng Khánh	Xã
15	04585	Xã Hạnh Phúc	Xã
15	04603	Xã Tà Xi Láng	Xã
15	04606	Xã Trạm Tấu	Xã
15	04609	Xã Phình Hồ	Xã
15	04630	Xã Tú Lệ	Xã
15	04636	Xã Gia Hội	Xã
15	04651	Xã Sơn Lương	Xã
15	04660	Xã Liên Sơn	Xã
15	04663	Phường Trung Tâm	Phường
15	04672	Xã Văn Chấn	Xã
15	04681	Phường Cầu Thia	Phường
15	04693	Xã Cát Thịnh	Xã
15	04699	Xã Chấn Thịnh	Xã
15	04705	Xã Thượng Bằng La	Xã
15	04711	Xã Nghĩa Tâm	Xã
15	04714	Xã Yên Bình	Xã
15	04717	Xã Thác Bà	Xã
15	04726	Xã Cảm Nhân	Xã
15	04744	Xã Yên Thành	Xã
15	04750	Xã Bảo Ái	Xã
19	01840	Phường Đức Xuân	Phường
19	01843	Phường Bắc Kạn	Phường
19	01849	Xã Phong Quang	Xã
19	01864	Xã Bằng Thành	Xã
19	01879	Xã Cao Minh	Xã
19	01882	Xã Nghiên Loan	Xã
19	01894	Xã Phúc Lộc	Xã
19	01906	Xã Ba Bể	Xã
19	01912	Xã Chợ Rã	Xã
19	01921	Xã Thượng Minh	Xã
19	01933	Xã Đồng Phúc	Xã
19	01936	Xã Nà Phặc	Xã
19	01942	Xã Bằng Vân	Xã
19	01954	Xã Ngân Sơn	Xã
19	01957	Xã Thượng Quan	Xã
19	01960	Xã Hiệp Lực	Xã
19	01969	Xã Phủ Thông	Xã
19	01981	Xã Vĩnh Thông	Xã
19	02008	Xã Cẩm Giàng	Xã
19	02014	Xã Bạch Thông	Xã
19	02020	Xã Chợ Đồn	Xã
19	02026	Xã Nam Cường	Xã
19	02038	Xã Quảng Bạch	Xã
19	02044	Xã Yên Thịnh	Xã
19	02071	Xã Nghĩa Tá	Xã
19	02083	Xã Yên Phong	Xã
19	02086	Xã Chợ Mới	Xã
19	02101	Xã Thanh Mai	Xã
19	02104	Xã Tân Kỳ	Xã
19	02107	Xã Thanh Thịnh	Xã
19	02116	Xã Yên Bình	Xã
19	02143	Xã Văn Lang	Xã
19	02152	Xã Cường Lợi	Xã
19	02155	Xã Na Rì	Xã
19	02176	Xã Trần Phú	Xã
19	02185	Xã Côn Minh	Xã
19	02191	Xã Xuân Dương	Xã
19	05443	Phường Phan Đình Phùng	Phường
19	05455	Phường Quyết Thắng	Phường
19	05467	Phường Gia Sàng	Phường
19	05482	Phường Quan Triều	Phường
19	05488	Xã Đại Phúc	Xã
19	05500	Phường Tích Lương	Phường
19	05503	Xã Tân Cương	Xã
19	05518	Phường Sông Công	Phường
19	05528	Phường Bách Quang	Phường
19	05533	Phường Bá Xuyên	Phường
19	05542	Xã Lam Vỹ	Xã
19	05551	Xã Kim Phượng	Xã
19	05563	Xã Phượng Tiến	Xã
19	05569	Xã Định Hóa	Xã
19	05581	Xã Trung Hội	Xã
19	05587	Xã Bình Yên	Xã
19	05602	Xã Phú Đình	Xã
19	05605	Xã Bình Thành	Xã
19	05611	Xã Phú Lương	Xã
19	05620	Xã Yên Trạch	Xã
19	05632	Xã Hợp Thành	Xã
19	05641	Xã Vô Tranh	Xã
19	05662	Xã Trại Cau	Xã
19	05665	Xã Văn Lăng	Xã
19	05674	Xã Quang Sơn	Xã
19	05680	Xã Văn Hán	Xã
19	05692	Xã Đồng Hỷ	Xã
19	05707	Xã Nam Hòa	Xã
19	05710	Phường Linh Sơn	Phường
19	05716	Xã Võ Nhai	Xã
19	05719	Xã Sảng Mộc	Xã
19	05722	Xã Nghinh Tường	Xã
19	05725	Xã Thần Sa	Xã
19	05740	Xã La Hiên	Xã
19	05746	Xã Tràng Xá	Xã
19	05755	Xã Dân Tiến	Xã
19	05773	Xã Phú Xuyên	Xã
19	05776	Xã Đức Lương	Xã
19	05788	Xã Phú Lạc	Xã
19	05800	Xã Phú Thịnh	Xã
19	05809	Xã An Khánh	Xã
19	05818	Xã La Bằng	Xã
19	05830	Xã Đại Từ	Xã
19	05845	Xã Vạn Phú	Xã
19	05851	Xã Quân Chu	Xã
19	05857	Phường Phúc Thuận	Phường
19	05860	Phường Phổ Yên	Phường
19	05881	Xã Thành Công	Xã
19	05890	Phường Vạn Xuân	Phường
19	05899	Phường Trung Thành	Phường
19	05908	Xã Phú Bình	Xã
19	05917	Xã Tân Khánh	Xã
19	05923	Xã Tân Thành	Xã
19	05941	Xã Điềm Thụy	Xã
19	05953	Xã Kha Sơn	Xã
20	05977	Phường Đông Kinh	Phường
20	05983	Phường Lương Văn Tri	Phường
20	05986	Phường Tam Thanh	Phường
20	06001	Xã Đoàn Kết	Xã
20	06004	Xã Quốc Khánh	Xã
20	06019	Xã Tân Tiến	Xã
20	06037	Xã Kháng Chiến	Xã
20	06040	Xã Thất Khê	Xã
20	06046	Xã Tràng Định	Xã
20	06058	Xã Quốc Việt	Xã
20	06073	Xã Hoa Thám	Xã
20	06076	Xã Quý Hòa	Xã
20	06079	Xã Hồng Phong	Xã
20	06085	Xã Thiện Hòa	Xã
20	06091	Xã Thiện Thuật	Xã
20	06103	Xã Thiện Long	Xã
20	06112	Xã Bình Gia	Xã
20	06115	Xã Tân Văn	Xã
20	06124	Xã Na Sầm	Xã
20	06148	Xã Thụy Hùng	Xã
20	06151	Xã Hội Hoan	Xã
20	06154	Xã Văn Lãng	Xã
20	06172	Xã Hoàng Văn Thụ	Xã
20	06184	Xã Đồng Đăng	Xã
20	06187	Phường Kỳ Lừa	Phường
20	06196	Xã Ba Sơn	Xã
20	06211	Xã Cao Lộc	Xã
20	06220	Xã Công Sơn	Xã
20	06253	Xã Văn Quan	Xã
20	06280	Xã Điềm He	Xã
20	06286	Xã Khánh Khê	Xã
20	06298	Xã Yên Phúc	Xã
20	06313	Xã Tri Lễ	Xã
20	06316	Xã Tân Đoàn	Xã
20	06325	xã Bắc Sơn	Xã
20	06337	Xã Tân Tri	Xã
20	06349	Xã Hưng Vũ	Xã
20	06364	Xã Vũ Lễ	Xã
20	06367	Xã Vũ Lăng	Xã
20	06376	Xã Nhất Hòa	Xã
20	06385	Xã Hữu Lũng	Xã
20	06391	Xã Yên Bình	Xã
20	06400	Xã Hữu Liên	Xã
20	06415	Xã Vân Nham	Xã
20	06427	Xã Cai Kinh	Xã
20	06436	Xã Thiện Tân	Xã
20	06445	Xã Tân Thành	Xã
20	06457	Xã Tuấn Sơn	Xã
20	06463	Xã Chi Lăng	Xã
20	06475	Xã Bằng Mạc	Xã
20	06481	Xã Chiến Thắng	Xã
20	06496	Xã Nhân Lý	Xã
20	06505	Xã Vạn Linh	Xã
20	06517	Xã Quan Sơn	Xã
20	06526	Xã Na Dương	Xã
20	06529	Xã Lộc Bình	Xã
20	06541	Xã Mẫu Sơn	Xã
20	06565	Xã Khuất Xá	Xã
20	06577	Xã Thống Nhất	Xã
20	06601	Xã Lợi Bác	Xã
20	06607	Xã Xuân Dương	Xã
20	06613	Xã Đình Lập	Xã
20	06616	Xã Thái Bình	Xã
20	06625	Xã Kiên Mộc	Xã
20	06637	Xã Châu Sơn	Xã
22	06652	Phường Hà Tu	Phường
22	06658	Phường Cao Xanh	Phường
22	06661	Phường Việt Hưng	Phường
22	06673	Phường Bãi Cháy	Phường
22	06676	Phường Hà Lầm	Phường
22	06685	Phường Hồng Gai	Phường
22	06688	Phường Hạ Long	Phường
22	06706	Phường Tuần Châu	Phường
22	06709	Phường Móng Cái 2	Phường
22	06712	Phường Móng Cái 1	Phường
22	06724	Xã Hải Sơn	Xã
22	06733	Xã Hải Ninh	Xã
22	06736	Phường Móng Cái 3	Phường
22	06757	Xã Vĩnh Thực	Xã
22	06760	Phường Mông Dương	Phường
22	06778	Phường Quang Hanh	Phường
22	06781	Phường Cửa Ông	Phường
22	06793	Phường Cẩm Phả	Phường
22	06799	Xã Hải Hòa	Xã
22	06811	Phường Uông Bí	Phường
22	06820	Phường Vàng Danh	Phường
22	06832	Phường Yên Tử	Phường
22	06838	Xã Bình Liêu	Xã
22	06841	Xã Hoành Mô	Xã
22	06856	Xã Lục Hồn	Xã
22	06862	Xã Tiên Yên	Xã
22	06874	Xã Điền Xá	Xã
22	06877	Xã Đông Ngũ	Xã
22	06886	Xã Hải Lạng	Xã
22	06895	Xã Đầm Hà	Xã
22	06913	Xã Quảng Tân	Xã
22	06922	Xã Quảng Hà	Xã
22	06931	Xã Quảng Đức	Xã
22	06946	Xã Đường Hoa	Xã
22	06967	Xã Cái Chiên	Xã
22	06970	Xã Ba Chẽ	Xã
22	06979	Xã Kỳ Thượng	Xã
22	06985	Xã Lương Minh	Xã
22	06994	Đặc khu Vân Đồn	Đặc khu
22	07030	Phường Hoành Bồ	Phường
22	07054	Xã Quảng La	Xã
22	07060	Xã Thống Nhất	Xã
22	07069	Phường Mạo Khê	Phường
22	07081	Phường Bình Khê	Phường
22	07090	Phường An Sinh	Phường
22	07093	Phường Đông Triều	Phường
22	07114	Phường Hoàng Quế	Phường
22	07132	Phường Quảng Yên	Phường
22	07135	Phường Đông Mai	Phường
22	07147	Phường Hiệp Hòa	Phường
22	07168	Phường Hà An	Phường
22	07180	Phường Liên Hòa	Phường
22	07183	Phường Phong Cốc	Phường
22	07192	Đặc khu Cô Tô	Đặc khu
24	07210	Phường Bắc Giang	Phường
24	07228	Phường Đa Mai	Phường
24	07246	Xã Xuân Lương	Xã
24	07264	Xã Tam Tiến	Xã
24	07282	Xã Đồng Kỳ	Xã
24	07288	Xã Yên Thế	Xã
24	07294	Phường Bố Hạ	Phường
24	07306	Xã Nhã Nam	Xã
24	07330	Xã Phúc Hòa	Xã
24	07333	Xã Quang Trung	Xã
24	07339	Xã Tân Yên	Xã
24	07351	Xã Ngọc Thiện	Xã
24	07375	Phường Lạng Giang	Phường
24	07381	Xã Tiên Lục	Xã
24	07399	Phường Kép	Phường
24	07420	Xã Mỹ Thái	Xã
24	07432	Xã Tân Dĩnh	Xã
24	07444	Phường Lục Nam	Phường
24	07450	Xã Đông Phú	Xã
24	07462	Xã Bảo Đài	Xã
24	07486	Xã Nghĩa Phương	Xã
24	07489	Xã Trường Sơn	Xã
24	07492	Xã Lục Sơn	Xã
24	07498	Xã Bắc Lũng	Xã
24	07519	Xã Cẩm Lý	Xã
24	07525	Phường Chũ	Phường
24	07531	Xã Tân Sơn	Xã
24	07534	Xã Sa Lý	Xã
24	07537	Xã Biên Sơn	Xã
24	07543	Xã Sơn Hải	Xã
24	07552	Xã Kiên Lao	Xã
24	07573	Xã Biển Động	Xã
24	07582	Xã Lục Ngạn	Xã
24	07594	Xã Đèo Gia	Xã
24	07603	Xã Nam Dương	Xã
24	07612	Phường Phượng Sơn	Phường
24	07615	Xã Sơn Động	Xã
24	07616	Xã Tây Yên Tử	Xã
24	07621	Xã Vân Sơn	Xã
24	07627	Xã Đại Sơn	Xã
24	07642	Xã Yên Định	Xã
24	07654	Xã An Lạc	Xã
24	07663	Xã Tuấn Đạo	Xã
24	07672	Xã Dương Hưu	Xã
24	07681	Phường Yên Dũng	Phường
24	07682	Phường Tân An	Phường
24	07696	Phường Tiền Phong	Phường
24	07699	Phường Tân Tiến	Phường
24	07735	Xã Đồng Việt	Xã
24	07738	Phường Cảnh Thụy	Phường
24	07774	Phường Tự Lạn	Phường
24	07777	Phường Việt Yên	Phường
24	07795	Phường Nếnh	Phường
24	07798	Phường Vân Hà	Phường
24	07822	Xã Hoàng Vân	Xã
24	07840	Phường Hiệp Hoà	Phường
24	07864	Xã Hợp Thịnh	Xã
24	07870	Xã Xuân Cẩm	Xã
24	09169	Phường Vũ Ninh	Phường
24	09187	Phường Kinh Bắc	Phường
24	09190	Phường Võ Cường	Phường
24	09193	Phường Yên Phong	Phường
24	09202	Xã Tam Giang	Xã
24	09205	Xã Yên Trung	Xã
24	09208	Xã Tam Đa	Xã
24	09238	Xã Văn Môn	Xã
24	09247	Phường Quế Võ	Phường
24	09253	Phường Nhân Hòa	Phường
24	09265	Phường Phương Liễu	Phường
24	09286	Phường Nam Sơn	Phường
24	09292	Phường Phù Lãng	Phường
24	09295	Phường Bồng Lai	Phường
24	09301	Phường Đào Viên	Phường
24	09313	Phường Chi Lăng	Phường
24	09319	Phường Tiên Du	Phường
24	09325	Phường Hạp Lĩnh	Phường
24	09334	Xã Liên Bão	Xã
24	09340	Xã Đại Đồng	Xã
24	09343	Xã Tân Chi	Xã
24	09349	Xã Phật Tích	Xã
24	09367	Phường Từ Sơn	Phường
24	09370	Phường Tam Sơn	Phường
24	09379	Phường Phù Khê	Phường
24	09385	Phường Đồng Nguyên	Phường
24	09400	Phường Thuận Thành	Phường
24	09409	Phường Mão Điền	Phường
24	09427	Phường Trí Quả	Phường
24	09430	Phường Trạm Lộ	Phường
24	09433	Phường Song Liễu	Phường
24	09445	Phường Ninh Xá	Phường
24	09454	Phường Gia Bình	Phường
24	09466	Xã Cao Đức	Xã
24	09469	Xã Đại Lai	Xã
24	09475	Phường Nhân Thắng	Phường
24	09487	Xã Đông Cứu	Xã
24	09496	Phường Lương Tài	Phường
24	09499	Xã Trung Kênh	Xã
24	09523	Xã Trung Chính	Xã
24	09529	Xã Lâm Thao	Xã
25	04792	Phường Tân Hòa	Phường
25	04795	Phường Hòa Bình	Phường
25	04828	Phường Thống Nhất	Phường
25	04831	Xã Đà Bắc	Xã
25	04846	Xã Đức Nhàn	Xã
25	04849	Xã Tân Pheo	Xã
25	04873	Xã Quy Đức	Xã
25	04876	Xã Cao Sơn	Xã
25	04891	Xã Tiền Phong	Xã
25	04894	Phường Kỳ Sơn	Phường
25	04897	Xã Thịnh Minh	Xã
25	04924	Xã Lương Sơn	Xã
25	04960	Xã Liên Sơn	Xã
25	04978	Xã Kim Bôi	Xã
25	04990	Xã Nật Sơn	Xã
25	05014	Xã Mường Động	Xã
25	05047	Xã Cao Dương	Xã
25	05068	Xã Hợp Kim	Xã
25	05086	Xã Dũng Tiến	Xã
25	05089	Xã Cao Phong	Xã
25	05092	Xã Thung Nai	Xã
25	05116	Xã Mường Thàng	Xã
25	05128	Xã Tân Lạc	Xã
25	05134	Xã Mường Hoa	Xã
25	05152	Xã Vân Sơn	Xã
25	05158	Xã Mường Bi	Xã
25	05191	Xã Toàn Thắng	Xã
25	05200	Xã Mai Châu	Xã
25	05206	Xã Tân Mai	Xã
25	05212	Xã Pà Cò	Xã
25	05245	Xã Bao La	Xã
25	05251	Xã Mai Hạ	Xã
25	05266	Xã Lạc Sơn	Xã
25	05287	Xã Mường Vang	Xã
25	05290	Xã Nhân Nghĩa	Xã
25	05293	Xã Thượng Cốc	Xã
25	05305	Xã Yên Phú	Xã
25	05323	Xã Quyết Thắng	Xã
25	05329	Xã Ngọc Sơn	Xã
25	05347	Xã Đại Đồng	Xã
25	05353	Xã Yên Thủy	Xã
25	05362	Xã Lạc Lương	Xã
25	05386	Xã Yên Trị	Xã
25	05392	Xã Lạc Thủy	Xã
25	05395	Xã An Nghĩa	Xã
25	05425	Xã An Bình	Xã
25	07894	Phường Nông Trang	Phường
25	07900	Phường Việt Trì	Phường
25	07909	Phường Thanh Miếu	Phường
25	07918	Phường Vân Phú	Phường
25	07942	Phường Phú Thọ	Phường
25	07948	Phường Âu Cơ	Phường
25	07954	Phường Phong Châu	Phường
25	07969	Xã Đoan Hùng	Xã
25	07996	Xã Bằng Luân	Xã
25	07999	Xã Chí Đám	Xã
25	08023	Xã Tây Cốc	Xã
25	08038	Xã Chân Mộng	Xã
25	08053	Xã Hạ Hòa	Xã
25	08071	Xã Đan Thượng	Xã
25	08110	Xã Hiền Lương	Xã
25	08113	Xã Yên Kỳ	Xã
25	08134	Xã Văn Lang	Xã
25	08143	Xã Vĩnh Chân	Xã
25	08152	Xã Thanh Ba	Xã
25	08173	Xã Quảng Yên	Xã
25	08203	Xã Hoàng Cương	Xã
25	08209	Xã Đông Thành	Xã
25	08218	Xã Chí Tiên	Xã
25	08227	Xã Liên Minh	Xã
25	08230	Xã Phù Ninh	Xã
25	08236	Xã Phú Mỹ	Xã
25	08245	Xã Trạm Thản	Xã
25	08254	Xã Dân Chủ	Xã
25	08275	Xã Bình Phú	Xã
25	08290	Xã Yên Lập	Xã
25	08296	Xã Sơn Lương	Xã
25	08305	Xã Xuân Viên	Xã
25	08311	Xã Trung Sơn	Xã
25	08323	Xã Thượng Long	Xã
25	08338	Xã Minh Hòa	Xã
25	08341	Xã Cẩm Khê	Xã
25	08344	Xã Tiên Lương	Xã
25	08377	Xã Vân Bán	Xã
25	08398	Xã Phú Khê	Xã
25	08416	Xã Hùng Việt	Xã
25	08431	Xã Đồng Lương	Xã
25	08434	Xã Tam Nông	Xã
25	08443	Xã Hiền Quan	Xã
25	08467	Xã Vạn Xuân	Xã
25	08479	Xã Thọ Văn	Xã
25	08494	Xã Lâm Thao	Xã
25	08500	Xã Xuân Lũng	Xã
25	08515	Xã Hy Cương	Xã
25	08521	Xã Phùng Nguyên	Xã
25	08527	Xã Bản Nguyên	Xã
25	08542	Xã Thanh Sơn	Xã
25	08545	Xã Thu Cúc	Xã
25	08560	Xã Lai Đồng	Xã
25	08566	Xã Tân Sơn	Xã
25	08584	Xã Võ Miếu	Xã
25	08590	Xã Xuân Đài	Xã
25	08593	Xã Minh Đài	Xã
25	08611	Xã Văn Miếu	Xã
25	08614	Xã Cự Đồng	Xã
25	08620	Xã Long Cốc	Xã
25	08632	Xã Hương Cần	Xã
25	08635	Xã Khả Cửu	Xã
25	08656	Xã Yên Sơn	Xã
25	08662	Xã Đào Xá	Xã
25	08674	Xã Thanh Thủy	Xã
25	08686	Xã Tu Vũ	Xã
25	08707	Phường Vĩnh Yên	Phường
25	08716	Phường Vĩnh Phúc	Phường
25	08740	Phường Phúc Yên	Phường
25	08746	Phường Xuân Hòa	Phường
25	08761	Xã Lập Thạch	Xã
25	08770	Xã Hợp Lý	Xã
25	08773	Xã Yên Lãng	Xã
25	08782	Xã Hải Lựu	Xã
25	08788	Xã Thái Hòa	Xã
25	08812	Xã Liên Hòa	Xã
25	08824	Xã Tam Sơn	Xã
25	08842	Xã Tiên Lữ	Xã
25	08848	Xã Sông Lô	Xã
25	08866	Xã Sơn Đông	Xã
25	08869	Xã Tam Dương	Xã
25	08872	Xã Tam Dương Bắc	Xã
25	08896	Xã Hoàng An	Xã
25	08905	Xã Hội Thịnh	Xã
25	08911	Xã Tam Đảo	Xã
25	08914	Xã Đạo Trù	Xã
25	08923	Xã Đại Đình	Xã
25	08935	Xã Bình Nguyên	Xã
25	08944	Xã Bình Tuyền	Xã
25	08950	Xã Bình Xuyên	Xã
25	08971	Xã Xuân Lãng	Xã
25	09025	Xã Yên Lạc	Xã
25	09040	Xã Tề Lỗ	Xã
25	09043	Xã Tam Hồng	Xã
25	09052	Xã Nguyệt Đức	Xã
25	09064	Xã Liên Châu	Xã
25	09076	Xã Vĩnh Tường	Xã
25	09079	Xã Vĩnh An	Xã
25	09100	Xã Vĩnh Hưng	Xã
25	09106	Xã Vĩnh Thành	Xã
25	09112	Xã Thổ Tang	Xã
25	09154	Xã Vĩnh Phú	Xã
31	10507	Phường Thành Đông	Phường
31	10525	Phường Hải Dương	Phường
31	10532	Phường Lê Thanh Nghị	Phường
31	10537	Phường Tân Hưng	Phường
31	10543	Phường Việt Hòa	Phường
31	10546	Phường Chí Linh	Phường
31	10549	Phường Chu Văn An	Phường
31	10552	Phường Nguyễn Trãi	Phường
31	10570	Phường Trần Hưng Đạo	Phường
31	10573	Phường Trần Nhân Tông	Phường
31	10603	Phường Lê Đại Hành	Phường
31	10606	Xã Nam Sách	Xã
31	10615	Xã Hợp Tiến	Xã
31	10633	Xã Trần Phú	Xã
31	10642	Xã Thái Tân	Xã
31	10645	Xã An Phú	Xã
31	10660	Phường Ái Quốc	Phường
31	10675	Phường Kinh Môn	Phường
31	10678	Phường Bắc An Phụ	Phường
31	10705	Xã Nam An Phụ	Xã
31	10714	Phường Nhị Chiểu	Phường
31	10726	Phường Phạm Sư Mạnh	Phường
31	10729	Phường Trần Liễu	Phường
31	10744	Phường Nguyễn Đại Năng	Phường
31	10750	Xã Phú Thái	Xã
31	10756	Xã Lai Khê	Xã
31	10792	Xã An Thành	Xã
31	10804	Xã Kim Thành	Xã
31	10813	Xã Thanh Hà	Xã
31	10816	Xã Hà Bắc	Xã
31	10837	Phường Nam Đồng	Phường
31	10843	Xã Hà Nam	Xã
31	10846	Xã Hà Tây	Xã
31	10882	Xã Hà Đông	Xã
31	10888	Xã Cẩm Giang	Xã
31	10891	Phường Tứ Minh	Phường
31	10903	Xã Cẩm Giàng	Xã
31	10909	Xã Tuệ Tĩnh	Xã
31	10930	Xã Mao Điền	Xã
31	10945	Xã Kẻ Sặt	Xã
31	10966	Xã Bình Giang	Xã
31	10972	Xã Đường An	Xã
31	10993	Xã Thượng Hồng	Xã
31	10999	Xã Gia Lộc	Xã
31	11002	Phường Thạch Khôi	Phường
31	11020	Xã Yết Kiêu	Xã
31	11050	Xã Gia Phúc	Xã
31	11065	Xã Trường Tân	Xã
31	11074	Xã Tứ Kỳ	Xã
31	11086	Xã Đại Sơn	Xã
31	11113	Xã Tân Kỳ	Xã
31	11131	Xã Chí Minh	Xã
31	11140	Xã Lạc Phượng	Xã
31	11146	Xã Nguyên Giáp	Xã
31	11164	Xã Vĩnh Lại	Xã
31	11167	Xã Tân An	Xã
31	11203	Xã Ninh Giang	Xã
31	11218	Xã Hồng Châu	Xã
31	11224	Xã Khúc Thừa Dụ	Xã
31	11239	Xã Thanh Miện	Xã
31	11242	Xã Nguyễn Lương Bằng	Xã
31	11254	Xã Bắc Thanh Miện	Xã
31	11257	Xã Hải Hưng	Xã
31	11284	Xã Nam Thanh Miện	Xã
31	11311	Phường Hồng Bàng	Phường
31	11329	Phường Ngô Quyền	Phường
31	11359	Phường Gia Viên	Phường
31	11383	Phường Lê Chân	Phường
31	11407	Phường An Biên	Phường
31	11411	Phường Đông Hải	Phường
31	11413	Phường Hải An	Phường
31	11443	Phường Kiến An	Phường
31	11446	Phường Phù Liễn	Phường
31	11455	Phường Đồ Sơn	Phường
31	11473	Phường Bạch Đằng	Phường
31	11488	Phường Lưu Kiếm	Phường
31	11503	Xã Việt Khê	Xã
31	11506	Phường Lê Ích Mộc	Phường
31	11533	Phường Hòa Bình	Phường
31	11542	Phường Nam Triệu	Phường
31	11557	Phường Thiên Hương	Phường
31	11560	Phường Thủy Nguyên	Phường
31	11581	Phường An Dương	Phường
31	11593	Phường An Phong	Phường
31	11602	Phường Hồng An	Phường
31	11617	Phường An Hải	Phường
31	11629	Xã An Lão	Xã
31	11635	Xã An Trường	Xã
31	11647	Xã An Quang	Xã
31	11668	Xã An Khánh	Xã
31	11674	Xã An Hưng	Xã
31	11680	Xã Kiến Thụy	Xã
31	11689	Phường Hưng Đạo	Phường
31	11692	Phường Dương Kinh	Phường
31	11713	Xã Nghi Dương	Xã
31	11725	Xã Kiến Minh	Xã
31	11728	Xã Kiến Hưng	Xã
31	11737	Phường Nam Đồ Sơn	Phường
31	11749	Xã Kiến Hải	Xã
31	11755	Xã Tiên Lãng	Xã
31	11761	Xã Quyết Thắng	Xã
31	11779	Xã Tân Minh	Xã
31	11791	Xã Tiên Minh	Xã
31	11806	Xã Chấn Hưng	Xã
31	11809	Xã Hùng Thắng	Xã
31	11824	Xã Vĩnh Bảo	Xã
31	11836	Xã Vĩnh Thịnh	Xã
31	11842	Xã Vĩnh Thuận	Xã
31	11848	Xã Vĩnh Hòa	Xã
31	11875	Xã Vĩnh Hải	Xã
31	11887	Xã Vĩnh Am	Xã
31	11911	Xã Nguyễn Bỉnh Khiêm	Xã
31	11914	Đặc khu Cát Hải	Đặc khu
31	11948	Đặc khu Bạch Long Vĩ	Đặc khu
33	11953	Phường Phố Hiến	Phường
33	11977	Xã Tân Hưng	Xã
33	11980	Phường Hồng Châu	Phường
33	11983	Phường Sơn Nam	Phường
33	11992	Xã Lạc Đạo	Xã
33	11995	Xã Đại Đồng	Xã
33	12004	Xã Như Quỳnh	Xã
33	12019	Xã Văn Giang	Xã
33	12025	Xã Phụng Công	Xã
33	12031	Xã Nghĩa Trụ	Xã
33	12049	Xã Mễ Sở	Xã
33	12064	Xã Nguyễn Văn Linh	Xã
33	12070	Xã Hoàn Long	Xã
33	12073	Xã Yên Mỹ	Xã
33	12091	Xã Việt Yên	Xã
33	12103	Phường Mỹ Hào	Phường
33	12127	Phường Thượng Hồng	Phường
33	12133	Phường Đường Hào	Phường
33	12142	Xã Ân Thi	Xã
33	12148	Xã Phạm Ngũ Lão	Xã
33	12166	Xã Xuân Trúc	Xã
33	12184	Xã Nguyễn Trãi	Xã
33	12196	Xã Hồng Quang	Xã
33	12205	Xã Khoái Châu	Xã
33	12223	Xã Triệu Việt Vương	Xã
33	12238	Xã Việt Tiến	Xã
33	12247	Xã Châu Ninh	Xã
33	12271	Xã Chí Minh	Xã
33	12280	Xã Lương Bằng	Xã
33	12286	Xã Nghĩa Dân	Xã
33	12313	Xã Đức Hợp	Xã
33	12322	Xã Hiệp Cường	Xã
33	12337	Xã Hoàng Hoa Thám	Xã
33	12361	Xã Tiên Hoa	Xã
33	12364	Xã Tiên Lữ	Xã
33	12391	Xã Quang Hưng	Xã
33	12406	Xã Đoàn Đào	Xã
33	12424	Xã Tiên Tiến	Xã
33	12427	Xã Tống Trân	Xã
33	12452	Phường Trần Hưng Đạo	Phường
33	12454	Phường Trần Lãm	Phường
33	12466	Phường Vũ Phúc	Phường
33	12472	Xã Quỳnh Phụ	Xã
33	12499	Xã A Sào	Xã
33	12511	Xã Minh Thọ	Xã
33	12517	Xã Ngọc Lâm	Xã
33	12523	Xã Phụ Dực	Xã
33	12526	Xã Đồng Bằng	Xã
33	12532	Xã Nguyễn Du	Xã
33	12577	Xã Quỳnh An	Xã
33	12583	Xã Tân Tiến	Xã
33	12586	Xã Hưng Hà	Xã
33	12595	Xã Ngự Thiên	Xã
33	12613	Xã Long Hưng	Xã
33	12619	Xã Diên Hà	Xã
33	12631	Xã Thần Khê	Xã
33	12634	Xã Tiên La	Xã
33	12676	Xã Lê Quý Đôn	Xã
33	12685	Xã Hồng Minh	Xã
33	12688	Xã Đông Hưng	Xã
33	12694	Xã Bắc Đông Hưng	Xã
33	12700	Xã Bắc Tiên Hưng	Xã
33	12736	Xã Đông Tiên Hưng	Xã
33	12745	Xã Bắc Đông Quan	Xã
33	12754	Xã Tiên Hưng	Xã
33	12763	Xã Nam Tiên Hưng	Xã
33	12775	Xã Nam Đông Hưng	Xã
33	12793	Xã Đông Quan	Xã
33	12817	Phường Trà Lý	Phường
33	12826	Xã Thái Thụy	Xã
33	12850	Xã Tây Thụy Anh	Xã
33	12859	Xã Bắc Thụy Anh	Xã
33	12862	Xã Đông Thụy Anh	Xã
33	12865	Xã Thụy Anh	Xã
33	12904	Xã Nam Thụy Anh	Xã
33	12916	Xã Bắc Thái Ninh	Xã
33	12919	Xã Tây Thái Ninh	Xã
33	12922	Xã Thái Ninh	Xã
33	12943	Xã Đông Thái Ninh	Xã
33	12961	Xã Nam Thái Ninh	Xã
33	12970	Xã Tiền Hải	Xã
33	12988	Xã Đông Tiền Hải	Xã
33	13003	Xã Đồng Châu	Xã
33	13021	Xã Ái Quốc	Xã
33	13039	Xã Tây Tiền Hải	Xã
33	13057	Xã Nam Cường	Xã
33	13063	Xã Nam Tiền Hải	Xã
33	13066	Xã Hưng Phú	Xã
33	13075	Xã Kiến Xương	Xã
33	13093	Xã Trà Giang	Xã
33	13096	Xã Bình Nguyên	Xã
33	13120	Xã Lê Lợi	Xã
33	13132	Xã Quang Lịch	Xã
33	13141	Xã Vũ Quý	Xã
33	13159	Xã Hồng Vũ	Xã
33	13183	Xã Bình Thanh	Xã
33	13186	Xã Bình Định	Xã
33	13192	Xã Vũ Thư	Xã
33	13219	Xã Vạn Xuân	Xã
33	13222	Xã Thư Trì	Xã
33	13225	Phường Thái Bình	Phường
33	13246	Xã Tân Thuận	Xã
33	13264	Xã Thư Vũ	Xã
33	13279	Xã Vũ Tiên	Xã
37	13285	Phường Phủ Lý	Phường
37	13291	Phường Phù Vân	Phường
37	13318	Phường Châu Sơn	Phường
37	13324	Phường Duy Tiên	Phường
37	13330	Phường Duy Tân	Phường
37	13336	Phường Duy Hà	Phường
37	13348	Phường Đồng Văn	Phường
37	13363	Phường Tiên Sơn	Phường
37	13366	Phường Hà Nam	Phường
37	13384	Phường Kim Bảng	Phường
37	13393	Phường Lê Hồ	Phường
37	13396	Phường Nguyễn Uý	Phường
37	13402	Phường Kim Thanh	Phường
37	13420	Phường Tam Chúc	Phường
37	13435	Phường Lý Thường Kiệt	Phường
37	13444	Phường Liêm Tuyền	Phường
37	13456	Xã Liêm Hà	Xã
37	13474	Xã Tân Thanh	Xã
37	13483	Xã Thanh Bình	Xã
37	13489	Xã Thanh Lâm	Xã
37	13495	Xã Thanh Liêm	Xã
37	13501	Xã Bình Mỹ	Xã
37	13504	Xã Bình Lục	Xã
37	13531	Xã Bình Giang	Xã
37	13540	Xã Bình An	Xã
37	13558	Xã Bình Sơn	Xã
37	13573	Xã Lý Nhân	Xã
37	13579	Xã Bắc Lý	Xã
37	13591	Xã Nam Xang	Xã
37	13594	Xã Trần Thương	Xã
37	13597	Xã Vĩnh Trụ	Xã
37	13609	Xã Nhân Hà	Xã
37	13627	Xã Nam Lý	Xã
37	13669	Phường Nam Định	Phường
37	13684	Phường Thiên Trường	Phường
37	13693	Phường Đông A	Phường
37	13699	Phường Thành Nam	Phường
37	13708	Phường Mỹ Lộc	Phường
37	13741	Xã Vụ Bản	Xã
37	13750	Xã Minh Tân	Xã
37	13753	Xã Hiển Khánh	Xã
37	13777	Phường Trường Thi	Phường
37	13786	Xã Liên Minh	Xã
37	13795	Xã Ý Yên	Xã
37	13807	Xã Tân Minh	Xã
37	13822	Xã Phong Doanh	Xã
37	13834	Xã Vũ Dương	Xã
37	13864	Xã Vạn Thắng	Xã
37	13870	Xã Yên Cường	Xã
37	13879	Xã Yên Đồng	Xã
37	13891	Xã Nghĩa Hưng	Xã
37	13894	Xã Rạng Đông	Xã
37	13900	Xã Đồng Thịnh	Xã
37	13918	Xã Nghĩa Sơn	Xã
37	13927	Xã Hồng Phong	Xã
37	13939	Xã Quỹ Nhất	Xã
37	13957	Xã Nghĩa Lâm	Xã
37	13966	Xã Nam Trực	Xã
37	13972	Phường Vị Khê	Phường
37	13984	Phường Hồng Quang	Phường
37	13987	Xã Nam Hồng	Xã
37	14005	Xã Nam Ninh	Xã
37	14011	Xã Nam Minh	Xã
37	14014	Xã Nam Đồng	Xã
37	14026	Xã Cổ Lễ	Xã
37	14038	Xã Ninh Giang	Xã
37	14053	Xã Trực Ninh	Xã
37	14056	Xã Cát Thành	Xã
37	14062	Xã Quang Hưng	Xã
37	14071	Xã Minh Thái	Xã
37	14077	Xã Ninh Cường	Xã
37	14089	Xã Xuân Trường	Xã
37	14095	Xã Xuân Hồng	Xã
37	14104	Xã Xuân Giang	Xã
37	14122	Xã Xuân Hưng	Xã
37	14161	Xã Giao Minh	Xã
37	14167	Xã Giao Thuỷ	Xã
37	14179	Xã Giao Hưng	Xã
37	14182	Xã Giao Hoà	Xã
37	14194	Xã Giao Bình	Xã
37	14203	Xã Giao Phúc	Xã
37	14212	Xã Giao Ninh	Xã
37	14215	Xã Hải Hậu	Xã
37	14218	Xã Hải Tiến	Xã
37	14221	Xã Hải Thịnh	Xã
37	14236	Xã Hải Anh	Xã
37	14248	Xã Hải Hưng	Xã
37	14281	Xã Hải An	Xã
37	14287	Xã Hải Quang	Xã
37	14308	Xã Hải Xuân	Xã
37	14329	Phường Hoa Lư	Phường
37	14359	Phường Nam Hoa Lư	Phường
37	14362	Phường Tam Điệp	Phường
37	14365	Phường Trung Sơn	Phường
37	14371	Phường Yên Sơn	Phường
37	14389	Xã Gia Lâm	Xã
37	14401	Xã Gia Tường	Xã
37	14404	Xã Cúc Phương	Xã
37	14407	Xã Phú Sơn	Xã
37	14428	Xã Nho Quan	Xã
37	14434	Xã Thanh Sơn	Xã
37	14452	Xã Quỳnh Lưu	Xã
37	14458	Xã Phú Long	Xã
37	14464	Xã Gia Viễn	Xã
37	14482	Xã Gia Hưng	Xã
37	14488	Xã Gia Vân	Xã
37	14494	Xã Gia Trấn	Xã
37	14500	Xã Đại Hoàng	Xã
37	14524	Xã Gia Phong	Xã
37	14533	Phường Tây Hoa Lư	Phường
37	14560	Xã Yên Khánh	Xã
37	14563	Xã Khánh Thiện	Xã
37	14566	Phường Đông Hoa Lư	Phường
37	14608	Xã Khánh Trung	Xã
37	14611	Xã Khánh Nhạc	Xã
37	14614	Xã Khánh Hội	Xã
37	14620	Xã Phát Diệm	Xã
37	14623	Xã Bình Minh	Xã
37	14638	Xã Kim Sơn	Xã
37	14647	Xã Quang Thiện	Xã
37	14653	Xã Chất Bình	Xã
37	14674	Xã Lai Thành	Xã
37	14677	Xã Định Hóa	Xã
37	14698	Xã Kim Đông	Xã
37	14701	Xã Yên Mô	Xã
37	14725	Phường Yên Thắng	Phường
37	14728	Xã Yên Từ	Xã
37	14743	Xã Yên Mạc	Xã
37	14746	Xã Đồng Thái	Xã
38	14758	Phường Hàm Rồng	Phường
38	14797	Phường Hạc Thành	Phường
38	14812	Phường Bỉm Sơn	Phường
38	14818	Phường Quang Trung	Phường
38	14845	Xã Mường Lát	Xã
38	14848	Xã Tam Chung	Xã
38	14854	Xã Mường Lý	Xã
38	14857	Xã Trung Lý	Xã
38	14860	Xã Quang Chiểu	Xã
38	14863	Xã Pù Nhi	Xã
38	14864	Xã Nhi Sơn	Xã
38	14866	Xã Mường Chanh	Xã
38	14869	Xã Hồi Xuân	Xã
38	14872	Xã Trung Thành	Xã
38	14875	Xã Trung Sơn	Xã
38	14878	Xã Phú Lệ	Xã
38	14890	Xã Phú Xuân	Xã
38	14896	Xã Hiền Kiệt	Xã
38	14902	Xã Nam Xuân	Xã
38	14908	Xã Thiên Phủ	Xã
38	14923	Xã Bá Thước	Xã
38	14932	Xã Điền Quang	Xã
38	14950	Xã Điền Lư	Xã
38	14953	Xã Quý Lương	Xã
38	14956	Xã Pù Luông	Xã
38	14959	Xã Cổ Lũng	Xã
38	14974	Xã Văn Nho	Xã
38	14980	Xã Thiết Ống	Xã
38	15001	Xã Trung Hạ	Xã
38	15007	Xã Tam Thanh	Xã
38	15010	Xã Sơn Thủy	Xã
38	15013	Xã Na Mèo	Xã
38	15016	Xã Quan Sơn	Xã
38	15019	Xã Tam Lư	Xã
38	15022	Xã Sơn Điện	Xã
38	15025	Xã Mường Mìn	Xã
38	15031	Xã Yên Khương	Xã
38	15034	Xã Yên Thắng	Xã
38	15043	Xã Giao An	Xã
38	15049	Xã Văn Phú	Xã
38	15055	Xã Linh Sơn	Xã
38	15058	Xã Đồng Lương	Xã
38	15061	Xã Ngọc Lặc	Xã
38	15085	Xã Thạch Lập	Xã
38	15091	Xã Ngọc Liên	Xã
38	15106	Xã Nguyệt Ấn	Xã
38	15112	Xã Kiên Thọ	Xã
38	15124	Xã Minh Sơn	Xã
38	15127	Xã Cẩm Thủy	Xã
38	15142	Xã Cẩm Thạch	Xã
38	15148	Xã Cẩm Tú	Xã
38	15163	Xã Cẩm Vân	Xã
38	15178	Xã Cẩm Tân	Xã
38	15187	Xã Kim Tân	Xã
38	15190	Xã Vân Du	Xã
38	15199	Xã Thạch Quảng	Xã
38	15211	Xã Thạch Bình	Xã
38	15229	Xã Thành Vinh	Xã
38	15250	Xã Ngọc Trạo	Xã
38	15271	Xã Hà Trung	Xã
38	15274	Xã Hà Long	Xã
38	15286	Xã Hoạt Giang	Xã
38	15298	Xã Lĩnh Toại	Xã
38	15316	Xã Tống Sơn	Xã
38	15349	Xã Vĩnh Lộc	Xã
38	15361	Xã Tây Đô	Xã
38	15382	Xã Biện Thượng	Xã
38	15409	Xã Yên Phú	Xã
38	15412	Xã Quý Lộc	Xã
38	15421	Xã Yên Trường	Xã
38	15442	Xã Yên Ninh	Xã
38	15448	Xã Định Hòa	Xã
38	15457	Xã Định Tân	Xã
38	15469	Xã Yên Định	Xã
38	15499	Xã Thọ Xuân	Xã
38	15505	Xã Thọ Long	Xã
38	15520	Xã Xuân Hòa	Xã
38	15544	Xã Lam Sơn	Xã
38	15553	Xã Sao Vàng	Xã
38	15568	Xã Thọ Lập	Xã
38	15574	Xã Xuân Tín	Xã
38	15592	Xã Xuân Lập	Xã
38	15607	Xã Bát Mọt	Xã
38	15610	Xã Yên Nhân	Xã
38	15622	Xã Vạn Xuân	Xã
38	15628	Xã Lương Sơn	Xã
38	15634	Xã Luận Thành	Xã
38	15643	Xã Thắng Lộc	Xã
38	15646	Xã Thường Xuân	Xã
38	15658	Xã Xuân Chinh	Xã
38	15661	Xã Tân Thành	Xã
38	15664	Xã Triệu Sơn	Xã
38	15667	Xã Thọ Bình	Xã
38	15682	Xã Hợp Tiến	Xã
38	15715	Xã Tân Ninh	Xã
38	15724	Xã Đồng Tiến	Xã
38	15754	Xã Thọ Ngọc	Xã
38	15763	Xã Thọ Phú	Xã
38	15766	Xã An Nông	Xã
38	15772	Xã Thiệu Hóa	Xã
38	15778	Xã Thiệu Tiến	Xã
38	15796	Xã Thiệu Quang	Xã
38	15820	Xã Thiệu Toán	Xã
38	15835	Xã Thiệu Trung	Xã
38	15853	Phường Đông Tiến	Phường
38	15865	Xã Hoằng Hóa	Xã
38	15880	Xã Hoằng Giang	Xã
38	15889	Xã Hoằng Phú	Xã
38	15910	Xã Hoằng Sơn	Xã
38	15925	Phường Nguyệt Viên	Phường
38	15961	Xã Hoằng Lộc	Xã
38	15976	Xã Hoằng Châu	Xã
38	15991	Xã Hoằng Tiến	Xã
38	16000	Xã Hoằng Thanh	Xã
38	16012	Xã Hậu Lộc	Xã
38	16021	Xã Triệu Lộc	Xã
38	16033	Xã Đông Thành	Xã
38	16072	Xã Hoa Lộc	Xã
38	16078	Xã Vạn Lộc	Xã
38	16093	Xã Nga Sơn	Xã
38	16108	Xã Tân Tiến	Xã
38	16114	Xã Nga Thắng	Xã
38	16138	Xã Hồ Vương	Xã
38	16144	Xã Nga An	Xã
38	16171	Xã Ba Đình	Xã
38	16174	Xã Như Xuân	Xã
38	16177	Xã Xuân Bình	Xã
38	16186	Xã Hóa Quỳ	Xã
38	16213	Xã Thanh Phong	Xã
38	16222	Xã Thanh Quân	Xã
38	16225	Xã Thượng Ninh	Xã
38	16228	Xã Như Thanh	Xã
38	16234	Xã Xuân Du	Xã
38	16249	Xã Mậu Lâm	Xã
38	16258	Xã Xuân Thái	Xã
38	16264	Xã Yên Thọ	Xã
38	16273	Xã Thanh Kỳ	Xã
38	16279	Xã Nông Cống	Xã
38	16297	Xã Trung Chính	Xã
38	16309	Xã Thắng Lợi	Xã
38	16342	Xã Thăng Bình	Xã
38	16348	Xã Trường Văn	Xã
38	16363	Xã Tượng Lĩnh	Xã
38	16369	Xã Công Chính	Xã
38	16378	Phường Đông Sơn	Phường
38	16417	Phường Đông Quang	Phường
38	16438	Xã Lưu Vệ	Xã
38	16480	Xã Quảng Yên	Xã
38	16489	Xã Quảng Chính	Xã
38	16498	Xã Quảng Ngọc	Xã
38	16516	Phường Nam Sầm Sơn	Phường
38	16522	Phường Quảng Phú	Phường
38	16531	Phường Sầm Sơn	Phường
38	16540	Xã Quảng Ninh	Xã
38	16543	Xã Quảng Bình	Xã
38	16549	Xã Tiên Trang	Xã
38	16561	Phường Tĩnh Gia	Phường
38	16576	Phường Ngọc Sơn	Phường
38	16591	Xã Các Sơn	Xã
38	16594	Phường Tân Dân	Phường
38	16597	Phường Hải Lĩnh	Phường
38	16609	Phường Đào Duy Từ	Phường
38	16624	Phường Trúc Lâm	Phường
38	16636	Xã Trường Lâm	Xã
38	16645	Phường Hải Bình	Phường
38	16654	Phường Nghi Sơn	Phường
40	16681	Phường Thành Vinh	Phường
40	16690	Phường Trường Vinh	Phường
40	16702	Phường Vinh Phú	Phường
40	16708	Phường Vinh Lộc	Phường
40	16732	Phường Cửa Lò	Phường
40	16738	Xã Quế Phong	Xã
40	16744	Xã Thông Thụ	Xã
40	16750	Xã Tiền Phong	Xã
40	16756	Xã Tri Lễ	Xã
40	16774	Xã Mường Quàng	Xã
40	16777	Xã Quỳ Châu	Xã
40	16792	Xã Châu Tiến	Xã
40	16801	Xã Hùng Chân	Xã
40	16804	Xã Châu Bình	Xã
40	16813	Xã Mường Xén	Xã
40	16816	Xã Mỹ Lý	Xã
40	16819	Xã Bắc Lý	Xã
40	16822	Xã Keng Đu	Xã
40	16828	Xã Huồi Tụ	Xã
40	16831	Xã Mường Lống	Xã
40	16834	Xã Na Loi	Xã
40	16837	Xã Nậm Cắn	Xã
40	16849	Xã Hữu Kiệm	Xã
40	16855	Xã Chiêu Lưu	Xã
40	16858	Xã Mường Típ	Xã
40	16870	Xã Na Ngoi	Xã
40	16876	Xã Tương Dương	Xã
40	16882	Xã Nhôn Mai	Xã
40	16885	Xã Hữu Khuông	Xã
40	16903	Xã Nga My	Xã
40	16906	Xã Lượng Minh	Xã
40	16909	Xã Yên Hòa	Xã
40	16912	Xã Yên Na	Xã
40	16933	Xã Tam Quang	Xã
40	16936	Xã Tam Thái	Xã
40	16939	Phường Thái Hòa	Phường
40	16941	Xã Nghĩa Đàn	Xã
40	16951	Xã Nghĩa Lâm	Xã
40	16969	Xã Nghĩa Thọ	Xã
40	16972	Xã Nghĩa Hưng	Xã
40	16975	Xã Nghĩa Mai	Xã
40	17011	Phường Tây Hiếu	Phường
40	17017	Xã Đông Hiếu	Xã
40	17029	Xã Nghĩa Lộc	Xã
40	17032	Xã Nghĩa Khánh	Xã
40	17035	Xã Quỳ Hợp	Xã
40	17044	Xã Châu Hồng	Xã
40	17056	Xã Châu Lộc	Xã
40	17059	Xã Tam Hợp	Xã
40	17071	Xã Minh Hợp	Xã
40	17077	Xã Mường Ham	Xã
40	17089	Xã Mường Chọng	Xã
40	17110	Phường Hoàng Mai	Phường
40	17125	Phường Quỳnh Mai	Phường
40	17128	Phường Tân Mai	Phường
40	17143	Xã Quỳnh Văn	Xã
40	17149	Xã Quỳnh Tam	Xã
40	17170	Xã Quỳnh Sơn	Xã
40	17176	Xã Quỳnh Anh	Xã
40	17179	Xã Quỳnh Lưu	Xã
40	17212	Xã Quỳnh Phú	Xã
40	17224	Xã Quỳnh Thắng	Xã
40	17230	Xã Bình Chuẩn	Xã
40	17239	Xã Mậu Thạch	Xã
40	17242	Xã Cam Phục	Xã
40	17248	Xã Châu Khê	Xã
40	17254	Xã Con Cuông	Xã
40	17263	Xã Môn Sơn	Xã
40	17266	Xã Tân Kỳ	Xã
40	17272	Xã Tân Phú	Xã
40	17278	Xã Giai Xuân	Xã
40	17284	Xã Nghĩa Đồng	Xã
40	17287	Xã Tiên Đồng	Xã
40	17305	Xã Tân An	Xã
40	17326	Xã Nghĩa Hành	Xã
40	17329	Xã Anh Sơn	Xã
40	17335	Xã Thành Bình Thọ	Xã
40	17344	Xã Nhân Hòa	Xã
40	17357	Xã Vĩnh Tường	Xã
40	17365	Xã Anh Sơn Đông	Xã
40	17380	Xã Yên Xuân	Xã
40	17395	Xã Hùng Châu	Xã
40	17416	Xã Đức Châu	Xã
40	17419	Xã Hải Châu	Xã
40	17443	Xã Quảng Châu	Xã
40	17464	Xã Diễn Châu	Xã
40	17476	Xã Minh Châu	Xã
40	17479	Xã An Châu	Xã
40	17488	Xã Tân Châu	Xã
40	17506	Xã Yên Thành	Xã
40	17515	Xã Bình Minh	Xã
40	17521	Xã Quang Đồng	Xã
40	17524	Xã Giai Lạc	Xã
40	17530	Xã Đông Thành	Xã
40	17560	Xã Vân Du	Xã
40	17569	Xã Quan Thành	Xã
40	17605	Xã Hợp Minh	Xã
40	17611	Xã Vân Tụ	Xã
40	17623	Xã Bạch Ngọc	Xã
40	17641	Xã Lương Sơn	Xã
40	17662	Xã Đô Lương	Xã
40	17677	Xã Văn Hiến	Xã
40	17689	Xã Thuần Trung	Xã
40	17707	Xã Bạch Hà	Xã
40	17713	Xã Đại Đồng	Xã
40	17722	Xã Hạnh Lâm	Xã
40	17728	Xã Cát Ngạn	Xã
40	17743	Xã Tam Đồng	Xã
40	17759	Xã Sơn Lâm	Xã
40	17770	Xã Hoa Quân	Xã
40	17779	Xã Xuân Lâm	Xã
40	17791	Xã Kim Bảng	Xã
40	17818	Xã Bích Hào	Xã
40	17827	Xã Nghi Lộc	Xã
40	17833	Xã Hải Lộc	Xã
40	17842	Xã Thần Lĩnh	Xã
40	17854	Xã Văn Kiều	Xã
40	17857	Xã Phúc Lộc	Xã
40	17866	Xã Trung Lộc	Xã
40	17878	Xã Đông Lộc	Xã
40	17920	Phường Vinh Hưng	Phường
40	17935	Xã Nam Đàn	Xã
40	17944	Xã Đại Huệ	Xã
40	17950	Xã Vạn An	Xã
40	17971	Xã Kim Liên	Xã
40	17989	Xã Thiên Nhẫn	Xã
40	18001	Xã Hưng Nguyên	Xã
40	18007	Xã Yên Trung	Xã
40	18028	Xã Hưng Nguyên Nam	Xã
40	18040	Xã Lam Thành	Xã
42	18073	Phường Thành Sen	Phường
42	18100	Phường Trần Phú	Phường
42	18115	Phường Bắc Hồng Lĩnh	Phường
42	18118	Phường Nam Hồng Lĩnh	Phường
42	18133	Xã Hương Sơn	Xã
42	18160	Xã Sơn Hồng	Xã
42	18163	Xã Sơn Tiến	Xã
42	18172	Xã Sơn Tây	Xã
42	18184	Xã Sơn Giang	Xã
42	18196	Xã Sơn Kim 1	Xã
42	18199	Xã Sơn Kim 2	Xã
42	18202	Xã Tứ Mỹ	Xã
42	18223	Xã Kim Hoa	Xã
42	18229	Xã Đức Thọ	Xã
42	18244	Xã Đức Minh	Xã
42	18262	Xã Đức Quang	Xã
42	18277	Xã Đức Thịnh	Xã
42	18304	Xã Đức Đồng	Xã
42	18313	Xã Vũ Quang	Xã
42	18322	Xã Mai Hoa	Xã
42	18328	Xã Thượng Đức	Xã
42	18352	Xã Nghi Xuân	Xã
42	18364	Xã Đan Hải	Xã
42	18373	Xã Tiên Điền	Xã
42	18394	Xã Cổ Đạm	Xã
42	18406	Xã Can Lộc	Xã
42	18409	Xã Hồng Lộc	Xã
42	18418	Xã Tùng Lộc	Xã
42	18436	Xã Trường Lưu	Xã
42	18466	Xã Gia Hanh	Xã
42	18481	Xã Xuân Lộc	Xã
42	18484	Xã Đồng Lộc	Xã
42	18496	Xã Hương Khê	Xã
42	18502	Xã Hà Linh	Xã
42	18523	Xã Hương Bình	Xã
42	18532	Xã Hương Phố	Xã
42	18544	Xã Hương Xuân	Xã
42	18547	Xã Phúc Trạch	Xã
42	18550	Xã Hương Đô	Xã
42	18562	Xã Thạch Hà	Xã
42	18568	Xã Lộc Hà	Xã
42	18583	Xã Mai Phụ	Xã
42	18586	Xã Đông Kinh	Xã
42	18601	Xã Việt Xuyên	Xã
42	18604	Xã Thạch Khê	Xã
42	18619	Xã Đồng Tiến	Xã
42	18628	Xã Thạch Lạc	Xã
42	18634	Xã Toàn Lưu	Xã
42	18652	Phường Hà Huy Tập	Phường
42	18667	Xã Thạch Xuân	Xã
42	18673	Xã Cẩm Xuyên	Xã
42	18676	Xã Thiên Cầm	Xã
42	18682	Xã Yên Hòa	Xã
42	18685	Xã Cẩm Bình	Xã
42	18736	Xã Cẩm Hưng	Xã
42	18739	Xã Cẩm Duệ	Xã
42	18742	Xã Cẩm Trung	Xã
42	18748	Xã Cẩm Lạc	Xã
42	18754	Phường Sông Trí	Phường
42	18766	Xã Kỳ Xuân	Xã
42	18775	Xã Kỳ Anh	Xã
42	18781	Phường Hải Ninh	Phường
42	18787	Xã Kỳ Văn	Xã
42	18790	Xã Kỳ Khang	Xã
42	18814	Xã Kỳ Hoa	Xã
42	18823	Phường Vũng Áng	Phường
42	18832	Phường Hoành Sơn	Phường
42	18838	Xã Kỳ Lạc	Xã
42	18844	Xã Kỳ Thượng	Xã
44	18859	Phường Đồng Thuận	Phường
44	18871	Phường Đồng Sơn	Phường
44	18880	Phường Đồng Hới	Phường
44	18901	Xã Minh Hóa	Xã
44	18904	Xã Dân Hóa	Xã
44	18919	Xã Tân Thành	Xã
44	18922	Xã Kim Điền	Xã
44	18943	Xã Kim Phú	Xã
44	18949	Xã Đồng Lê	Xã
44	18952	Xã Tuyên Sơn	Xã
44	18958	Xã Tuyên Lâm	Xã
44	18985	Xã Tuyên Phú	Xã
44	18991	Xã Tuyên Bình	Xã
44	18997	Xã Tuyên Hóa	Xã
44	19009	Phường Ba Đồn	Phường
44	19021	Xã Phú Trạch	Xã
44	19030	Xã Trung Thuần	Xã
44	19033	Xã Hòa Trạch	Xã
44	19051	Xã Tân Gianh	Xã
44	19057	Xã Quảng Trạch	Xã
44	19066	Phường Bắc Gianh	Phường
44	19075	Xã Nam Ba Đồn	Xã
44	19093	Xã Nam Gianh	Xã
44	19111	Xã Hoàn Lão	Xã
44	19126	Xã Bắc Trạch	Xã
44	19138	Xã Phong Nha	Xã
44	19141	Xã Bố Trạch	Xã
44	19147	Xã Thượng Trạch	Xã
44	19159	Xã Đông Trạch	Xã
44	19198	Xã Nam Trạch	Xã
44	19204	Xã Trường Sơn	Xã
44	19207	Xã Quảng Ninh	Xã
44	19225	Xã Ninh Châu	Xã
44	19237	Xã Trường Ninh	Xã
44	19246	Xã Lệ Ninh	Xã
44	19249	Xã Lệ Thủy	Xã
44	19255	Xã Cam Hồng	Xã
44	19288	Xã Sen Ngư	Xã
44	19291	Xã Tân Mỹ	Xã
44	19309	Xã Trường Phú	Xã
44	19318	Xã Kim Ngân	Xã
44	19333	Phường Đông Hà	Phường
44	19351	Phường Nam Đông Hà	Phường
44	19360	Phường Quảng Trị	Phường
44	19363	Xã Vĩnh Linh	Xã
44	19366	Xã Bến Quan	Xã
44	19372	Xã Vĩnh Hoàng	Xã
44	19405	Xã Vĩnh Thủy	Xã
44	19414	Xã Cửa Tùng	Xã
44	19429	Xã Khe Sanh	Xã
44	19432	Xã Lao Bảo	Xã
44	19435	Xã Hướng Lập	Xã
44	19441	Xã Hướng Phùng	Xã
44	19462	Xã Tân Lập	Xã
44	19483	Xã A Dơi	Xã
44	19489	Xã Lìa	Xã
44	19495	Xã Gio Linh	Xã
44	19496	Xã Cửa Việt	Xã
44	19501	Xã Bến Hải	Xã
44	19537	Xã Cồn Tiên	Xã
44	19555	Xã Hướng Hiệp	Xã
44	19564	Xã Đakrông	Xã
44	19567	Xã Ba Lòng	Xã
44	19588	Xã Tà Rụt	Xã
44	19594	Xã La Lay	Xã
44	19597	Xã Cam Lộ	Xã
44	19603	Xã Hiếu Giang	Xã
44	19624	Xã Triệu Phong	Xã
44	19639	Xã Nam Cửa Việt	Xã
44	19645	Xã Triệu Bình	Xã
44	19654	Xã Triệu Cơ	Xã
44	19669	Xã Ái Tử	Xã
44	19681	Xã Diên Sanh	Xã
44	19699	Xã Vĩnh Định	Xã
44	19702	Xã Hải Lăng	Xã
44	19735	Xã Nam Hải Lăng	Xã
44	19741	Xã Mỹ Thủy	Xã
44	19742	Đặc khu Cồn Cỏ	Đặc khu
46	19753	Phường Phú Xuân	Phường
46	19774	Phường Kim Long	Phường
46	19777	Phường Vỹ Dạ	Phường
46	19789	Phường Thuận Hóa	Phường
46	19804	Phường Hương An	Phường
46	19813	Phường Thủy Xuân	Phường
46	19815	Phường An Cựu	Phường
46	19819	Phường Phong Điền	Phường
46	19828	Phường Phong Phú	Phường
46	19831	Phường Phong Dinh	Phường
46	19858	Phường Phong Thái	Phường
46	19867	Xã Quảng Điền	Xã
46	19873	Phường Phong Quảng	Phường
46	19885	Xã Đan Điền	Xã
46	19900	Phường Thuận An	Phường
46	19909	Phường Dương Nỗ	Phường
46	19918	Xã Phú Hồ	Xã
46	19930	Phường Mỹ Thượng	Phường
46	19942	Xã Phú Vang	Xã
46	19945	Xã Phú Vinh	Xã
46	19960	Phường Phú Bài	Phường
46	19969	Phường Thanh Thủy	Phường
46	19975	Phường Hương Thủy	Phường
46	19996	Phường Hương Trà	Phường
46	20014	Phường Hóa Châu	Phường
46	20017	Phường Kim Trà	Phường
46	20035	Xã Bình Điền	Xã
46	20044	Xã A Lưới 2	Xã
46	20050	Xã A Lưới 5	Xã
46	20056	Xã A Lưới 1	Xã
46	20071	Xã A Lưới 3	Xã
46	20101	Xã A Lưới 4	Xã
46	20107	Xã Phú Lộc	Xã
46	20122	Xã Vinh Lộc	Xã
46	20131	Xã Hưng Lộc	Xã
46	20137	Xã Chân Mây - Lăng Cô	Xã
46	20140	Xã Lộc An	Xã
46	20161	Xã Khe Tre	Xã
46	20179	Xã Nam Đông	Xã
46	20182	Xã Long Quảng	Xã
48	20194	Phường Hải Vân	Phường
48	20197	Phường Liên Chiểu	Phường
48	20200	Phường Hòa Khánh	Phường
48	20209	Phường Thanh Khê	Phường
48	20242	Phường Hải Châu	Phường
48	20257	Phường Hòa Cường	Phường
48	20260	Phường Cẩm Lệ	Phường
48	20263	Phường Sơn Trà	Phường
48	20275	Phường An Hải	Phường
48	20285	Phường Ngũ Hành Sơn	Phường
48	20305	Phường An Khê	Phường
48	20308	Xã Bà Nà	Xã
48	20314	Phường Hòa Xuân	Phường
48	20320	Xã Hòa Vang	Xã
48	20332	Xã Hòa Tiến	Xã
48	20333	Đặc khu Hoàng Sa	Đặc khu
48	20335	Phường Bàn Thạch	Phường
48	20341	Phường Tam Kỳ	Phường
48	20350	Phường Hương Trà	Phường
48	20356	Phường Quảng Phú	Phường
48	20364	Xã Chiên Đàn	Xã
48	20380	Xã Tây Hồ	Xã
48	20392	Xã Phú Ninh	Xã
48	20401	Phường Hội An Tây	Phường
48	20410	Phường Hội An	Phường
48	20413	Phường Hội An Đông	Phường
48	20434	Xã Tân Hiệp	Xã
48	20443	Xã Hùng Sơn	Xã
48	20455	Xã Tây Giang	Xã
48	20458	Xã Avương	Xã
48	20467	Xã Đông Giang	Xã
48	20476	Xã Sông Kôn	Xã
48	20485	Xã Sông Vàng	Xã
48	20494	Xã Bến Hiên	Xã
48	20500	Xã Đại Lộc	Xã
48	20506	Xã Thượng Đức	Xã
48	20515	Xã Hà Nha	Xã
48	20539	Xã Vu Gia	Xã
48	20542	Xã Phú Thuận	Xã
48	20551	Phường Điện Bàn	Phường
48	20557	Phường Điện Bàn Bắc	Phường
48	20569	Xã Điện Bàn Tây	Xã
48	20575	Phường An Thắng	Phường
48	20579	Phường Điện Bàn Đông	Phường
48	20587	Xã Gò Nổi	Xã
48	20599	Xã Nam Phước	Xã
48	20611	Xã Thu Bồn	Xã
48	20623	Xã Duy Xuyên	Xã
48	20635	Xã Duy Nghĩa	Xã
48	20641	Xã Quế Sơn	Xã
48	20650	Xã Xuân Phú	Xã
48	20656	Xã Nông Sơn	Xã
48	20662	Xã Quế Sơn Trung	Xã
48	20669	Xã Quế Phước	Xã
48	20695	Xã Thạnh Mỹ	Xã
48	20698	Xã La Êê	Xã
48	20704	Xã La Dêê	Xã
48	20707	Xã Nam Giang	Xã
48	20710	Xã Bến Giằng	Xã
48	20716	Xã Đắc Pring	Xã
48	20722	Xã Khâm Đức	Xã
48	20728	Xã Phước Hiệp	Xã
48	20734	Xã Phước Năng	Xã
48	20740	Xã Phước Chánh	Xã
48	20752	Xã Phước Thành	Xã
48	20767	Xã Việt An	Xã
48	20770	Xã Phước Trà	Xã
48	20779	Xã Hiệp Đức	Xã
48	20791	Xã Thăng Bình	Xã
48	20794	Xã Thăng An	Xã
48	20818	Xã Đồng Dương	Xã
48	20827	Xã Thăng Phú	Xã
48	20836	Xã Thăng Trường	Xã
48	20848	Xã Thăng Điền	Xã
48	20854	Xã Tiên Phước	Xã
48	20857	Xã Sơn Cẩm Hà	Xã
48	20875	Xã Lãnh Ngọc	Xã
48	20878	Xã Thạnh Bình	Xã
48	20900	Xã Trà My	Xã
48	20908	Xã Trà Liên	Xã
48	20920	Xã Trà Đốc	Xã
48	20923	Xã Trà Tân	Xã
48	20929	Xã Trà Giáp	Xã
48	20938	Xã Trà Leng	Xã
48	20941	Xã Trà Tập	Xã
48	20944	Xã Nam Trà My	Xã
48	20950	Xã Trà Linh	Xã
48	20959	Xã Trà Vân	Xã
48	20965	Xã Núi Thành	Xã
48	20971	Xã Tam Xuân	Xã
48	20977	Xã Đức Phú	Xã
48	20984	Xã Tam Anh	Xã
48	20992	Xã Tam Hải	Xã
48	21004	Xã Tam Mỹ	Xã
51	21025	Phường Cẩm Thành	Phường
51	21028	Phường Nghĩa Lộ	Phường
51	21034	Xã An Phú	Xã
51	21040	Xã Bình Sơn	Xã
51	21061	Xã Vạn Tường	Xã
51	21085	Xã Bình Minh	Xã
51	21100	Xã Bình Chương	Xã
51	21109	Xã Đông Sơn	Xã
51	21115	Xã Trà Bồng	Xã
51	21124	Xã Thanh Bồng	Xã
51	21127	Xã Đông Trà Bồng	Xã
51	21136	Xã Cà Đam	Xã
51	21154	Xã Tây Trà	Xã
51	21157	Xã Tây Trà Bồng	Xã
51	21172	Phường Trương Quang Trọng	Phường
51	21181	Xã Thọ Phong	Xã
51	21196	Xã Trường Giang	Xã
51	21205	Xã Ba Gia	Xã
51	21211	Xã Tịnh Khê	Xã
51	21220	Xã Sơn Tịnh	Xã
51	21235	Xã Tư Nghĩa	Xã
51	21238	Xã Vệ Giang	Xã
51	21244	Xã Trà Giang	Xã
51	21250	Xã Nghĩa Giang	Xã
51	21289	Xã Sơn Hà	Xã
51	21292	Xã Sơn Hạ	Xã
51	21307	Xã Sơn Linh	Xã
51	21319	Xã Sơn Thủy	Xã
51	21325	Xã Sơn Kỳ	Xã
51	21334	Xã Sơn Tây Thượng	Xã
51	21340	Xã Sơn Tây	Xã
51	21343	Xã Sơn Tây Hạ	Xã
51	21349	Xã Sơn Mai	Xã
51	21361	Xã Minh Long	Xã
51	21364	Xã Nghĩa Hành	Xã
51	21370	Xã Phước Giang	Xã
51	21385	Xã Đình Cương	Xã
51	21388	Xã Thiện Tín	Xã
51	21400	Xã Mộ Đức	Xã
51	21409	Xã Long Phụng	Xã
51	21421	Xã Mỏ Cày	Xã
51	21433	Xã Lân Phong	Xã
51	21439	Phường Đức Phổ	Phường
51	21451	Phường Trà Câu	Phường
51	21457	Xã Nguyễn Nghiêm	Xã
51	21472	Xã Khánh Cường	Xã
51	21478	Phường Sa Huỳnh	Phường
51	21484	Xã Ba Tơ	Xã
51	21490	Xã Ba Vinh	Xã
51	21496	Xã Ba Động	Xã
51	21499	Xã Ba Dinh	Xã
51	21520	Xã Đặng Thùy Trâm	Xã
51	21523	Xã Ba Tô	Xã
51	21529	Xã Ba Vì	Xã
51	21538	Xã Ba Xa	Xã
51	21548	Đặc khu Lý Sơn	Đặc khu
51	23284	Phường Đăk Cấm	Phường
51	23293	Phường Kon Tum	Phường
51	23302	Phường Đăk Bla	Phường
51	23317	Xã Ngọk Bay	Xã
51	23326	Xã Ia Chim	Xã
51	23332	Xã Đăk Rơ Wa	Xã
51	23341	Xã Đăk Pék	Xã
51	23344	Xã Đăk Plô	Xã
51	23356	Xã Xốp	Xã
51	23365	Xã Ngọc Linh	Xã
51	23368	Xã Đăk Long	Xã
51	23374	Xã Đăk Môn	Xã
51	23377	Xã Bờ Y	Xã
51	23383	Xã Dục Nông	Xã
51	23392	Xã Sa Loong	Xã
51	23401	Xã Đăk Tô	Xã
51	23416	Xã Đăk Sao	Xã
51	23419	Xã Đăk Tờ Kan	Xã
51	23425	Xã Tu Mơ Rông	Xã
51	23428	Xã Ngọk Tụ	Xã
51	23430	Xã Kon Đào	Xã
51	23446	Xã Măng Ri	Xã
51	23455	Xã Măng Bút	Xã
51	23473	Xã Măng Đen	Xã
51	23476	Xã Kon Plông	Xã
51	23479	Xã Đăk Rve	Xã
51	23485	Xã Đăk Kôi	Xã
51	23497	Xã Kon Braih	Xã
51	23500	Xã Đăk Hà	Xã
51	23504	Xã Đăk Pxi	Xã
51	23510	Xã Đăk Ui	Xã
51	23512	Xã Đăk Mar	Xã
51	23515	Xã Ngọk Réo	Xã
51	23527	Xã Sa Thầy	Xã
51	23530	Xã Rờ Kơi	Xã
51	23534	Xã Sa Bình	Xã
51	23535	Xã Ia Đal	Xã
51	23536	Xã Mô Rai	Xã
51	23538	Xã Ia Tơi	Xã
51	23548	Xã Ya Ly	Xã
52	21553	Phường Quy Nhơn Bắc	Phường
52	21583	Phường Quy Nhơn	Phường
52	21589	Phường Quy Nhơn Tây	Phường
52	21592	Phường Quy Nhơn Nam	Phường
52	21601	Phường Quy Nhơn Đông	Phường
52	21607	Xã Nhơn Châu	Xã
52	21609	Xã An Lão	Xã
52	21616	Xã An Vinh	Xã
52	21622	Xã An Toàn	Xã
52	21628	Xã An Hòa	Xã
52	21637	Phường Tam Quan	Phường
52	21640	Phường Bồng Sơn	Phường
52	21655	Phường Hoài Nhơn Bắc	Phường
52	21661	Phường Hoài Nhơn Tây	Phường
52	21664	Phường Hoài Nhơn	Phường
52	21670	Phường Hoài Nhơn Đông	Phường
52	21673	Phường Hoài Nhơn Nam	Phường
52	21688	Xã Hoài Ân	Xã
52	21697	Xã Ân Hảo	Xã
52	21703	Xã Vạn Đức	Xã
52	21715	Xã Ân Tường	Xã
52	21727	Xã Kim Sơn	Xã
52	21730	Xã Phù Mỹ	Xã
52	21733	Xã Bình Dương	Xã
52	21739	Xã Phù Mỹ Bắc	Xã
52	21751	Xã Phù Mỹ Đông	Xã
52	21757	Xã Phù Mỹ Tây	Xã
52	21769	Xã An Lương	Xã
52	21775	Xã Phù Mỹ Nam	Xã
52	21786	Xã Vĩnh Thạnh	Xã
52	21787	Xã Vĩnh Sơn	Xã
52	21796	Xã Vĩnh Thịnh	Xã
52	21805	Xã Vĩnh Quang	Xã
52	21808	Xã Tây Sơn	Xã
52	21817	Xã Bình Hiệp	Xã
52	21820	Xã Bình Khê	Xã
52	21829	Xã Bình An	Xã
52	21835	Xã Bình Phú	Xã
52	21853	Xã Phù Cát	Xã
52	21859	Xã Đề Gi	Xã
52	21868	Xã Hội Sơn	Xã
52	21871	Xã Hòa Hội	Xã
52	21880	Xã Cát Tiến	Xã
52	21892	Xã Xuân An	Xã
52	21901	Xã Ngô Mây	Xã
52	21907	Phường Bình Định	Phường
52	21910	Phường An Nhơn	Phường
52	21925	Phường An Nhơn Bắc	Phường
52	21934	Phường An Nhơn Đông	Phường
52	21940	Xã An Nhơn Tây	Xã
52	21943	Phường An Nhơn Nam	Phường
52	21952	Xã Tuy Phước	Xã
52	21964	Xã Tuy Phước Bắc	Xã
52	21970	Xã Tuy Phước Đông	Xã
52	21985	Xã Tuy Phước Tây	Xã
52	21994	Xã Vân Canh	Xã
52	21997	Xã Canh Liên	Xã
52	22006	Xã Canh Vinh	Xã
52	23563	Phường Diên Hồng	Phường
52	23575	Phường Pleiku	Phường
52	23584	Phường Thống Nhất	Phường
52	23586	Phường Hội Phú	Phường
52	23590	Xã Biển Hồ	Xã
52	23602	Phường An Phú	Phường
52	23611	Xã Gào	Xã
52	23614	Phường An Bình	Phường
52	23617	Phường An Khê	Phường
52	23629	Xã Cửu An	Xã
52	23638	Xã Kbang	Xã
52	23644	Xã Đak Rong	Xã
52	23647	Xã Sơn Lang	Xã
52	23650	Xã Krong	Xã
52	23668	Xã Tơ Tung	Xã
52	23674	Xã Kông Bơ La	Xã
52	23677	Xã Đak Đoa	Xã
52	23683	Xã Đak Sơmei	Xã
52	23701	Xã Kon Gang	Xã
52	23710	Xã Ia Băng	Xã
52	23714	Xã KDang	Xã
52	23722	Xã Chư Păh	Xã
52	23728	Xã Ia Khươl	Xã
52	23734	Xã Ia Ly	Xã
52	23749	Xã Ia Phí	Xã
52	23764	Xã Ia Grai	Xã
52	23767	Xã Ia Hrung	Xã
52	23776	Xã Ia Krái	Xã
52	23782	Xã Ia O	Xã
52	23788	Xã Ia Chia	Xã
52	23794	Xã Mang Yang	Xã
52	23798	Xã Ayun	Xã
52	23799	Xã Hra	Xã
52	23812	Xã Lơ Pang	Xã
52	23818	Xã Kon Chiêng	Xã
52	23824	Xã Kông Chro	Xã
52	23830	Xã Chư Krey	Xã
52	23833	Xã Ya Ma	Xã
52	23839	Xã SRó	Xã
52	23842	Xã Đăk Song	Xã
52	23851	Xã Chơ Long	Xã
52	23857	Xã Đức Cơ	Xã
52	23866	Xã Ia Krêl	Xã
52	23869	Xã Ia Dơk	Xã
52	23872	Xã Ia Dom	Xã
52	23881	Xã Ia Pnôn	Xã
52	23884	Xã Ia Nan	Xã
52	23887	Xã Chư Prông	Xã
52	23896	Xã Bàu Cạn	Xã
52	23908	Xã Ia Tôr	Xã
52	23911	Xã Ia Boòng	Xã
52	23917	Xã Ia Púch	Xã
52	23926	Xã Ia Pia	Xã
52	23935	Xã Ia Lâu	Xã
52	23938	Xã Ia Mơ	Xã
52	23941	Xã Chư Sê	Xã
52	23942	Xã Chư Pưh	Xã
52	23947	Xã Bờ Ngoong	Xã
52	23954	Xã Al Bá	Xã
52	23971	Xã Ia Hrú	Xã
52	23977	Xã Ia Ko	Xã
52	23986	Xã Ia Le	Xã
52	23995	Xã Đak Pơ	Xã
52	24007	Xã Ya Hội	Xã
52	24013	Xã Pờ Tó	Xã
52	24022	Xã Ia Pa	Xã
52	24028	Xã Ia Tul	Xã
52	24043	Xã Phú Thiện	Xã
52	24044	Phường Ayun Pa	Phường
52	24049	Xã Chư A Thai	Xã
52	24061	Xã Ia Hiao	Xã
52	24065	Xã Ia Rbol	Xã
52	24073	Xã Ia Sao	Xã
52	24076	Xã Phú Túc	Xã
52	24100	Xã Ia Dreh	Xã
52	24109	Xã Uar	Xã
52	24112	Xã Ia Rsai	Xã
56	22333	Phường Bắc Nha Trang	Phường
56	22366	Phường Nha Trang	Phường
56	22390	Phường Tây Nha Trang	Phường
56	22402	Phường Nam Nha Trang	Phường
56	22411	Phường Bắc Cam Ranh	Phường
56	22420	Phường Cam Ranh	Phường
56	22423	Phường Ba Ngòi	Phường
56	22432	Phường Cam Linh	Phường
56	22435	Xã Cam Hiệp	Xã
56	22453	Xã Cam Lâm	Xã
56	22465	Xã Cam An	Xã
56	22480	Xã Nam Cam Ranh	Xã
56	22489	Xã Vạn Ninh	Xã
56	22498	Xã Tu Bông	Xã
56	22504	Xã Đại Lãnh	Xã
56	22516	Xã Vạn Thắng	Xã
56	22525	Xã Vạn Hưng	Xã
56	22528	Phường Ninh Hòa	Phường
56	22546	Xã Bắc Ninh Hòa	Xã
56	22552	Xã Tây Ninh Hòa	Xã
56	22558	Xã Hòa Trí	Xã
56	22561	Phường Đông Ninh Hòa	Phường
56	22576	Xã Tân Định	Xã
56	22591	Phường Hòa Thắng	Phường
56	22597	Xã Nam Ninh Hòa	Xã
56	22609	Xã Khánh Vĩnh	Xã
56	22612	Xã Trung Khánh Vĩnh	Xã
56	22615	Xã Bắc Khánh Vĩnh	Xã
56	22624	Xã Tây Khánh Vĩnh	Xã
56	22648	Xã Nam Khánh Vĩnh	Xã
56	22651	Xã Diên Khánh	Xã
56	22657	Xã Diên Điền	Xã
56	22660	Xã Diên Lâm	Xã
56	22672	Xã Diên Thọ	Xã
56	22678	Xã Diên Lạc	Xã
56	22702	Xã Suối Hiệp	Xã
56	22708	Xã Suối Dầu	Xã
56	22714	Xã Khánh Sơn	Xã
56	22720	Xã Tây Khánh Sơn	Xã
56	22732	Xã Đông Khánh Sơn	Xã
56	22736	Đặc khu Trường Sa	Đặc khu
56	22738	Phường Đô Vinh	Phường
56	22741	Phường Bảo An	Phường
56	22759	Phường Phan Rang	Phường
56	22780	Phường Đông Hải	Phường
56	22786	Xã Bác Ái Tây	Xã
56	22795	Xã Bác Ái	Xã
56	22801	Xã Bác Ái Đông	Xã
56	22810	Xã Ninh Sơn	Xã
56	22813	Xã Lâm Sơn	Xã
56	22822	Xã Mỹ Sơn	Xã
56	22828	Xã Anh Dũng	Xã
56	22834	Phường Ninh Chử	Phường
56	22840	Xã Công Hải	Xã
56	22846	Xã Vĩnh Hải	Xã
56	22849	Xã Thuận Bắc	Xã
56	22852	Xã Ninh Hải	Xã
56	22861	Xã Xuân Hải	Xã
56	22870	Xã Ninh Phước	Xã
56	22873	Xã Phước Hậu	Xã
56	22888	Xã Phước Dinh	Xã
56	22891	Xã Phước Hữu	Xã
56	22897	Xã Thuận Nam	Xã
56	22900	Xã Phước Hà	Xã
56	22909	Xã Cà Ná	Xã
66	22015	Phường Tuy Hòa	Phường
66	22045	Phường Bình Kiến	Phường
66	22051	Phường Sông Cầu	Phường
66	22057	Xã Xuân Lộc	Xã
66	22060	Xã Xuân Cảnh	Xã
66	22075	Xã Xuân Thọ	Xã
66	22076	Phường Xuân Đài	Phường
66	22081	Xã Đồng Xuân	Xã
66	22090	Xã Xuân Lãnh	Xã
66	22096	Xã Phú Mỡ	Xã
66	22111	Xã Xuân Phước	Xã
66	22114	Xã Tuy An Bắc	Xã
66	22120	Xã Tuy An Đông	Xã
66	22132	Xã Tuy An Tây	Xã
66	22147	Xã Ô Loan	Xã
66	22153	Xã Tuy An Nam	Xã
66	22165	Xã Sơn Hòa	Xã
66	22171	Xã Tây Sơn	Xã
66	22177	Xã Vân Hòa	Xã
66	22192	Xã Suối Trai	Xã
66	22207	Xã Sông Hinh	Xã
66	22222	Xã Đức Bình	Xã
66	22225	Xã Ea Bá	Xã
66	22237	Xã Ea Ly	Xã
66	22240	Phường Phú Yên	Phường
66	22250	Xã Sơn Thành	Xã
66	22255	Xã Tây Hòa	Xã
66	22258	Phường Đông Hòa	Phường
66	22261	Phường Hòa Hiệp	Phường
66	22276	Xã Hòa Thịnh	Xã
66	22285	Xã Hòa Mỹ	Xã
66	22291	Xã Hòa Xuân	Xã
66	22303	Xã Phú Hòa 2	Xã
66	22319	Xã Phú Hòa 1	Xã
66	24121	Phường Tân Lập	Phường
66	24133	Phường Buôn Ma Thuột	Phường
66	24154	Phường Thành Nhất	Phường
66	24163	Phường Tân An	Phường
66	24169	Phường Ea Kao	Phường
66	24175	Xã Hòa Phú	Xã
66	24181	Xã Ea Drăng	Xã
66	24184	Xã Ea H’Leo	Xã
66	24187	Xã Ea Hiao	Xã
66	24193	Xã Ea Wy	Xã
66	24208	Xã Ea Khăl	Xã
66	24211	Xã Ea Súp	Xã
66	24214	Xã Ia Lốp	Xã
66	24217	Xã Ea Rốk	Xã
66	24221	Xã Ia Rvê	Xã
66	24229	Xã Ea Bung	Xã
66	24235	Xã Buôn Đôn	Xã
66	24241	Xã Ea Wer	Xã
66	24250	Xã Ea Nuôl	Xã
66	24259	Xã Quảng Phú	Xã
66	24265	Xã Ea Kiết	Xã
66	24277	Xã Ea Tul	Xã
66	24280	Xã Cư M’gar	Xã
66	24286	Xã Ea M’Droh	Xã
66	24301	Xã Cuôr Đăng	Xã
66	24305	Phường Buôn Hồ	Phường
66	24310	Xã Krông Búk	Xã
66	24313	Xã Cư Pơng	Xã
66	24316	Xã Pơng Drang	Xã
66	24328	Xã Ea Drông	Xã
66	24340	Phường Cư Bao	Phường
66	24343	Xã Krông Năng	Xã
66	24346	Xã Dliê Ya	Xã
66	24352	Xã Tam Giang	Xã
66	24364	Xã Phú Xuân	Xã
66	24373	Xã Ea Kar	Xã
66	24376	Xã Ea Knốp	Xã
66	24400	Xã Ea Păl	Xã
66	24403	Xã Ea Ô	Xã
66	24406	Xã Cư Yang	Xã
66	24412	Xã M’Drắk	Xã
66	24415	Xã Cư Prao	Xã
66	24433	Xã Ea Riêng	Xã
66	24436	Xã Cư M’ta	Xã
66	24444	Xã Krông Á	Xã
66	24445	Xã Ea Trang	Xã
66	24448	Xã Krông Bông	Xã
66	24454	Xã Dang Kang	Xã
66	24472	Xã Hòa Sơn	Xã
66	24478	Xã Cư Pui	Xã
66	24484	Xã Yang Mao	Xã
66	24490	Xã Krông Pắc	Xã
66	24496	Xã Ea Kly	Xã
66	24502	Xã Ea Phê	Xã
66	24505	Xã Ea Knuếc	Xã
66	24526	Xã Tân Tiến	Xã
66	24529	Xã Vụ Bổn	Xã
66	24538	Xã Krông Ana	Xã
66	24540	Xã Ea Ning	Xã
66	24544	Xã Ea Ktur	Xã
66	24559	Xã Ea Na	Xã
66	24561	Xã Dray Bhăng	Xã
66	24568	Xã Dur Kmăl	Xã
66	24580	Xã Liên Sơn Lắk	Xã
66	24595	Xã Đắk Liêng	Xã
66	24598	Xã Đắk Phơi	Xã
66	24604	Xã Krông Nô	Xã
66	24607	Xã Nam Ka	Xã
68	22918	Phường Mũi Né	Phường
68	22924	Phường Phú Thuỷ	Phường
68	22933	Phường Hàm Thắng	Phường
68	22945	Phường Phan Thiết	Phường
68	22954	Phường Tiến Thành	Phường
68	22960	Phường Bình Thuận	Phường
68	22963	Xã Tuyên Quang	Xã
68	22969	Xã Liên Hương	Xã
68	22972	Xã Phan Rí Cửa	Xã
68	22978	Xã Tuy Phong	Xã
68	22981	Xã Vĩnh Hảo	Xã
68	23005	Xã Bắc Bình	Xã
68	23008	Xã Phan Sơn	Xã
68	23020	Xã Hải Ninh	Xã
68	23023	Xã Sông Lũy	Xã
68	23032	Xã Lương Sơn	Xã
68	23041	Xã Hồng Thái	Xã
68	23053	Xã Hòa Thắng	Xã
68	23059	Xã Hàm Thuận	Xã
68	23065	Xã La Dạ	Xã
68	23074	Xã Đông Giang	Xã
68	23086	Xã Hồng Sơn	Xã
68	23089	Xã Hàm Thuận Bắc	Xã
68	23095	Xã Hàm Liêm	Xã
68	23110	Xã Hàm Thuận Nam	Xã
68	23122	Xã Hàm Thạnh	Xã
68	23128	Xã Hàm Kiệm	Xã
68	23134	Xã Tân Lập	Xã
68	23143	Xã Tân Thành	Xã
68	23149	Xã Tánh Linh	Xã
68	23152	Xã Bắc Ruộng	Xã
68	23158	Xã Nghị Đức	Xã
68	23173	Xã Đồng Kho	Xã
68	23188	Xã Suối Kiết	Xã
68	23191	Xã Đức Linh	Xã
68	23194	Xã Hoài Đức	Xã
68	23200	Xã Nam Thành	Xã
68	23227	Xã Trà Tân	Xã
68	23230	Xã Tân Minh	Xã
68	23231	Phường Phước Hội	Phường
68	23235	Phường La Gi	Phường
68	23236	Xã Hàm Tân	Xã
68	23246	Xã Tân Hải	Xã
68	23266	Xã Sơn Mỹ	Xã
68	23272	Đặc khu Phú Quý	Đặc khu
68	24611	Phường Bắc Gia Nghĩa	Phường
68	24615	Phường Nam Gia Nghĩa	Phường
68	24616	Xã Quảng Sơn	Xã
68	24617	Phường Đông Gia Nghĩa	Phường
68	24620	Xã Quảng Hòa	Xã
68	24631	Xã Quảng Khê	Xã
68	24637	Xã Tà Đùng	Xã
68	24640	Xã Cư Jút	Xã
68	24646	Xã Đắk Wil	Xã
68	24649	Xã Nam Dong	Xã
68	24664	Xã Đức Lập	Xã
68	24670	Xã Đắk Mil	Xã
68	24678	Xã Đắk Sắk	Xã
68	24682	Xã Thuận An	Xã
68	24688	Xã Krông Nô	Xã
68	24697	Xã Nam Đà	Xã
68	24703	Xã Nâm Nung	Xã
68	24712	Xã Quảng Phú	Xã
68	24717	Xã Đức An	Xã
68	24718	Xã Đắk Song	Xã
68	24722	Xã Thuận Hạnh	Xã
68	24730	Xã Trường Xuân	Xã
68	24733	Xã Kiến Đức	Xã
68	24736	Xã Quảng Trực	Xã
68	24739	Xã Tuy Đức	Xã
68	24748	Xã Quảng Tân	Xã
68	24751	Xã Nhân Cơ	Xã
68	24760	Xã Quảng Tín	Xã
68	24778	Phường Lâm Viên - Đà Lạt	Phường
68	24781	Phường Xuân Hương - Đà Lạt	Phường
68	24787	Phường Cam Ly - Đà Lạt	Phường
68	24805	Phường Xuân Trường - Đà Lạt	Phường
68	24820	Phường 2 Bảo Lộc	Phường
68	24823	Phường 1 Bảo Lộc	Phường
68	24829	Phường B’Lao	Phường
68	24841	Phường 3 Bảo Lộc	Phường
68	24846	Phường Lang Biang - Đà Lạt	Phường
68	24848	Xã Lạc Dương	Xã
68	24853	Xã Đam Rông 4	Xã
68	24868	Xã Nam Ban Lâm Hà	Xã
68	24871	Xã Đinh Văn Lâm Hà	Xã
68	24875	Xã Đam Rông 3	Xã
68	24877	Xã Đam Rông 2	Xã
68	24883	Xã Nam Hà Lâm Hà	Xã
68	24886	Xã Đam Rông 1	Xã
68	24895	Xã Phú Sơn Lâm Hà	Xã
68	24907	Xã Phúc Thọ Lâm Hà	Xã
68	24916	Xã Tân Hà Lâm Hà	Xã
68	24931	Xã Đơn Dương	Xã
68	24934	Xã D’Ran	Xã
68	24943	Xã Ka Đô	Xã
68	24955	Xã Quảng Lập	Xã
68	24958	Xã Đức Trọng	Xã
68	24967	Xã Hiệp Thạnh	Xã
68	24976	Xã Tân Hội	Xã
68	24985	Xã Ninh Gia	Xã
68	24988	Xã Tà Năng	Xã
68	24991	Xã Tà Hine	Xã
68	25000	Xã Di Linh	Xã
68	25007	Xã Đinh Trang Thượng	Xã
68	25015	Xã Gia Hiệp	Xã
68	25018	Xã Bảo Thuận	Xã
68	25036	Xã Hòa Ninh	Xã
68	25042	Xã Hòa Bắc	Xã
68	25051	Xã Sơn Điền	Xã
68	25054	Xã Bảo Lâm 1	Xã
68	25057	Xã Bảo Lâm 5	Xã
68	25063	Xã Bảo Lâm 4	Xã
68	25084	Xã Bảo Lâm 2	Xã
68	25093	Xã Bảo Lâm 3	Xã
68	25099	Xã Đạ Huoai	Xã
68	25105	Xã Đạ Huoai 2	Xã
68	25114	Xã Đạ Huoai 3	Xã
68	25126	Xã Đạ Tẻh	Xã
68	25135	Xã Đạ Tẻh 3	Xã
68	25138	Xã Đạ Tẻh 2	Xã
68	25159	Xã Cát Tiên	Xã
68	25162	Xã Cát Tiên 3	Xã
68	25180	Xã Cát Tiên 2	Xã
75	25195	Phường Bình Phước	Phường
75	25210	Phường Đồng Xoài	Phường
75	25217	Phường Phước Long	Phường
75	25220	Phường Phước Bình	Phường
75	25222	Xã Bù Gia Mập	Xã
75	25225	Xã Đăk Ơ	Xã
75	25231	Xã Đa Kia	Xã
75	25246	Xã Bình Tân	Xã
75	25252	Xã Phú Riềng	Xã
75	25255	Xã Long Hà	Xã
75	25261	Xã Phú Trung	Xã
75	25267	Xã Phú Nghĩa	Xã
75	25270	Phường Lộc Ninh	Phường
75	25279	Xã Lộc Tấn	Xã
75	25280	Xã Lộc Thạnh	Xã
75	25292	Xã Lộc Quang	Xã
75	25294	Xã Lộc Thành	Xã
75	25303	Xã Lộc Hưng	Xã
75	25308	Xã Thiện Hưng	Xã
75	25309	Xã Hưng Phước	Xã
75	25318	Xã Tân Tiến	Xã
75	25326	Phường Bình Long	Phường
75	25333	Phường An Lộc	Phường
75	25345	Xã Tân Hưng	Xã
75	25349	Xã Minh Đức	Xã
75	25351	Xã Tân Quan	Xã
75	25357	Phường Tân Khai	Phường
75	25363	Phường Đồng Phú	Phường
75	25378	Xã Tân Lợi	Xã
75	25387	Xã Thuận Lợi	Xã
75	25390	Xã Đồng Tâm	Xã
75	25396	Xã Bù Đăng	Xã
75	25399	Xã Đak Nhau	Xã
75	25402	Xã Thọ Sơn	Xã
75	25405	Xã Bom Bo	Xã
75	25417	Xã Nghĩa Trung	Xã
75	25420	Xã Phước Sơn	Xã
75	25432	Phường Chơn Thành	Phường
75	25441	Phường Minh Hưng	Phường
75	25450	Xã Nha Bích	Xã
75	25993	Phường Trảng Dài	Phường
75	26005	Phường Hố Nai	Phường
75	26017	Phường Tam Hiệp	Phường
75	26020	Phường Long Bình	Phường
75	26041	Phường Trấn Biên	Phường
75	26068	Phường Biên Hòa	Phường
75	26080	Phường Long Khánh	Phường
75	26089	Phường Bình Lộc	Phường
75	26098	Phường Bảo Vinh	Phường
75	26104	Phường Xuân Lập	Phường
75	26113	Phường Hàng Gòn	Phường
75	26116	Phường Tân Phú	Phường
75	26119	Xã Đak Lua	Xã
75	26122	Xã Nam Cát Tiên	Xã
75	26134	Xã Tà Lài	Xã
75	26158	Xã Phú Lâm	Xã
75	26170	Phường Trị An	Phường
75	26173	Xã Phú Lý	Xã
75	26179	Xã Tân An	Xã
75	26188	Phường Tân Triều	Phường
75	26206	Xã Định Quán	Xã
75	26209	Xã Thanh Sơn	Xã
75	26215	Xã Phú Vinh	Xã
75	26221	Xã Phú Hòa	Xã
75	26227	Xã La Ngà	Xã
75	26248	Phường Trảng Bom	Phường
75	26254	Xã Bàu Hàm	Xã
75	26278	Xã Bình Minh	Xã
75	26281	Xã Hưng Thịnh	Xã
75	26296	Xã An Viễn	Xã
75	26299	Xã Thống Nhất	Xã
75	26311	Xã Gia Kiệm	Xã
75	26326	Phường Dầu Giây	Phường
75	26332	Xã Xuân Quế	Xã
75	26341	Xã Cẩm Mỹ	Xã
75	26347	Xã Xuân Đường	Xã
75	26359	Xã Xuân Đông	Xã
75	26362	Xã Sông Ray	Xã
75	26368	Phường Long Thành	Phường
75	26374	Phường Tam Phước	Phường
75	26377	Phường Phước Tân	Phường
75	26380	Phường Long Hưng	Phường
75	26383	Xã An Phước	Xã
75	26389	Xã Bình An	Xã
75	26413	Xã Long Phước	Xã
75	26422	Xã Phước Thái	Xã
75	26425	Phường Xuân Lộc	Phường
75	26428	Xã Xuân Bắc	Xã
75	26434	Xã Xuân Thành	Xã
75	26446	Xã Xuân Hòa	Xã
75	26458	Xã Xuân Phú	Xã
75	26461	Xã Xuân Định	Xã
75	26485	Phường Nhơn Trạch	Phường
75	26491	Xã Đại Phước	Xã
75	26503	Xã Phước An	Xã
79	25747	Phường Thủ Dầu Một	Phường
79	25750	Phường Phú Lợi	Phường
79	25760	Phường Bình Dương	Phường
79	25768	Phường Phú An	Phường
79	25771	Phường Chánh Hiệp	Phường
79	25777	Xã Dầu Tiếng	Xã
79	25780	Xã Minh Thạnh	Xã
79	25792	Xã Long Hòa	Xã
79	25807	Xã Thanh An	Xã
79	25813	Phường Bến Cát	Phường
79	25819	Xã Trừ Văn Thố	Xã
79	25822	Xã Bàu Bàng	Xã
79	25837	Phường Chánh Phú Hòa	Phường
79	25840	Phường Long Nguyên	Phường
79	25843	Phường Tây Nam	Phường
79	25846	Phường Thới Hòa	Phường
79	25849	Phường Hòa Lợi	Phường
79	25858	Xã Phú Giáo	Xã
79	25864	Xã Phước Thành	Xã
79	25867	Xã An Long	Xã
79	25882	Xã Phước Hòa	Xã
79	25888	Phường Tân Uyên	Phường
79	25891	Phường Tân Khánh	Phường
79	25906	Xã Bắc Tân Uyên	Xã
79	25909	Xã Thường Tân	Xã
79	25912	Phường Vĩnh Tân	Phường
79	25915	Phường Bình Cơ	Phường
79	25920	Phường Tân Hiệp	Phường
79	25942	Phường Dĩ An	Phường
79	25945	Phường Tân Đông Hiệp	Phường
79	25951	Phường Đông Hòa	Phường
79	25966	Phường Lái Thiêu	Phường
79	25969	Phường Thuận Giao	Phường
79	25975	Phường An Phú	Phường
79	25978	Phường Thuận An	Phường
79	25987	Phường Bình Hòa	Phường
79	26506	Phường Vũng Tàu	Phường
79	26526	Phường Tam Thắng	Phường
79	26536	Phường Rạch Dừa	Phường
79	26542	Phường Phước Thắng	Phường
79	26545	Xã Long Sơn	Xã
79	26560	Phường Bà Rịa	Phường
79	26566	Phường Long Hương	Phường
79	26572	Phường Tam Long	Phường
79	26575	Xã Ngãi Giao	Xã
79	26584	Xã Xuân Sơn	Xã
79	26590	Xã Bình Giã	Xã
79	26596	Xã Châu Đức	Xã
79	26608	Xã Kim Long	Xã
79	26617	Xã Nghĩa Thành	Xã
79	26620	Xã Hồ Tràm	Xã
79	26632	Xã Xuyên Mộc	Xã
79	26638	Xã Bàu Lâm	Xã
79	26641	Xã Hòa Hội	Xã
79	26647	Xã Hòa Hiệp	Xã
79	26656	Xã Bình Châu	Xã
79	26659	Xã Long Điền	Xã
79	26662	Xã Long Hải	Xã
79	26680	Xã Đất Đỏ	Xã
79	26686	Xã Phước Hải	Xã
79	26704	Phường Phú Mỹ	Phường
79	26710	Phường Tân Hải	Phường
79	26713	Phường Tân Phước	Phường
79	26725	Phường Tân Thành	Phường
79	26728	Xã Châu Pha	Xã
79	26732	Đặc khu Côn Đảo	Đặc khu
79	26737	Phường Tân Định	Phường
79	26740	Phường Sài Gòn	Phường
79	26743	Phường Bến Thành	Phường
79	26758	Phường Cầu Ông Lãnh	Phường
79	26767	Phường An Phú Đông	Phường
79	26773	Phường Thới An	Phường
79	26782	Phường Tân Thới Hiệp	Phường
79	26785	Phường Trung Mỹ Tây	Phường
79	26791	Phường Đông Hưng Thuận	Phường
79	26800	Phường Linh Xuân	Phường
79	26803	Phường Tam Bình	Phường
79	26809	Phường Hiệp Bình	Phường
79	26824	Phường Thủ Đức	Phường
79	26833	Phường Long Bình	Phường
79	26842	Phường Tăng Nhơn Phú	Phường
79	26848	Phường Phước Long	Phường
79	26857	Phường Long Phước	Phường
79	26860	Phường Long Trường	Phường
79	26876	Phường An Nhơn	Phường
79	26878	Phường An Hội Đông	Phường
79	26882	Phường An Hội Tây	Phường
79	26884	Phường Gò Vấp	Phường
79	26890	Phường Hạnh Thông	Phường
79	26898	Phường Thông Tây Hội	Phường
79	26905	Phường Bình Lợi Trung	Phường
79	26911	Phường Bình Quới	Phường
79	26929	Phường Bình Thạnh	Phường
79	26944	Phường Gia Định	Phường
79	26956	Phường Thạnh Mỹ Tây	Phường
79	26968	Phường Tân Sơn Nhất	Phường
79	26977	Phường Tân Sơn Hòa	Phường
79	26983	Phường Bảy Hiền	Phường
79	26995	Phường Tân Hòa	Phường
79	27004	Phường Tân Bình	Phường
79	27007	Phường Tân Sơn	Phường
79	27013	Phường Tây Thạnh	Phường
79	27019	Phường Tân Sơn Nhì	Phường
79	27022	Phường Phú Thọ Hòa	Phường
79	27028	Phường Phú Thạnh	Phường
79	27031	Phường Tân Phú	Phường
79	27043	Phường Đức Nhuận	Phường
79	27058	Phường Cầu Kiệu	Phường
79	27073	Phường Phú Nhuận	Phường
79	27094	Phường An Khánh	Phường
79	27097	Phường Bình Trưng	Phường
79	27112	Phường Cát Lái	Phường
79	27139	Phường Xuân Hòa	Phường
79	27142	Phường Nhiêu Lộc	Phường
79	27154	Phường Bàn Cờ	Phường
79	27163	Phường Hòa Hưng	Phường
79	27169	Phường Diên Hồng	Phường
79	27190	Phường Vườn Lài	Phường
79	27211	Phường Hòa Bình	Phường
79	27226	Phường Phú Thọ	Phường
79	27232	Phường Bình Thới	Phường
79	27238	Phường Minh Phụng	Phường
79	27259	Phường Xóm Chiếu	Phường
79	27265	Phường Khánh Hội	Phường
79	27286	Phường Vĩnh Hội	Phường
79	27301	Phường Chợ Quán	Phường
79	27316	Phường An Đông	Phường
79	27343	Phường Chợ Lớn	Phường
79	27349	Phường Phú Lâm	Phường
79	27364	Phường Bình Phú	Phường
79	27367	Phường Bình Tây	Phường
79	27373	Phường Bình Tiên	Phường
79	27418	Phường Chánh Hưng	Phường
79	27424	Phường Bình Đông	Phường
79	27427	Phường Phú Định	Phường
79	27439	Phường Bình Hưng Hòa	Phường
79	27442	Phường Bình Tân	Phường
79	27448	Phường Bình Trị Đông	Phường
79	27457	Phường Tân Tạo	Phường
79	27460	Phường An Lạc	Phường
79	27475	Phường Tân Hưng	Phường
79	27478	Phường Tân Thuận	Phường
79	27484	Phường Phú Thuận	Phường
79	27487	Phường Tân Mỹ	Phường
79	27496	Xã Tân An Hội	Xã
79	27508	Xã An Nhơn Tây	Xã
79	27511	Xã Nhuận Đức	Xã
79	27526	Xã Thái Mỹ	Xã
79	27541	Xã Phú Hòa Đông	Xã
79	27544	Xã Bình Mỹ	Xã
79	27553	Xã Củ Chi	Xã
79	27559	Xã Hóc Môn	Xã
79	27568	Xã Đông Thạnh	Xã
79	27577	Xã Xuân Thới Sơn	Xã
79	27592	Xã Bà Điểm	Xã
79	27595	Xã Tân Nhựt	Xã
79	27601	Xã Vĩnh Lộc	Xã
79	27604	Xã Tân Vĩnh Lộc	Xã
79	27610	Xã Bình Lợi	Xã
79	27619	Xã Bình Hưng	Xã
79	27628	Xã Hưng Long	Xã
79	27637	Xã Bình Chánh	Xã
79	27655	Xã Nhà Bè	Xã
79	27658	Xã Hiệp Phước	Xã
79	27664	Xã Cần Giờ	Xã
79	27667	Xã Bình Khánh	Xã
79	27673	Xã An Thới Đông	Xã
79	27676	Xã Thạnh An	Xã
80	25459	Phường Tân Ninh	Phường
80	25480	Phường Bình Minh	Phường
80	25486	Xã Tân Biên	Xã
80	25489	Xã Tân Lập	Xã
80	25498	Xã Thạnh Bình	Xã
80	25510	Xã Trà Vong	Xã
80	25516	Xã Tân Châu	Xã
80	25522	Xã Tân Đông	Xã
80	25525	Xã Tân Hội	Xã
80	25531	Xã Tân Hòa	Xã
80	25534	Xã Tân Thành	Xã
80	25549	Xã Tân Phú	Xã
80	25552	Xã Dương Minh Châu	Xã
80	25567	Phường Ninh Thạnh	Phường
80	25573	Xã Cầu Khởi	Xã
80	25579	Xã Lộc Ninh	Xã
80	25585	Xã Châu Thành	Xã
80	25588	Xã Hảo Đước	Xã
80	25591	Xã Phước Vinh	Xã
80	25606	Xã Hòa Hội	Xã
80	25621	Xã Ninh Điền	Xã
80	25630	Phường Long Hoa	Phường
80	25633	Phường Thanh Điền	Phường
80	25645	Phường Hòa Thành	Phường
80	25654	Phường Gò Dầu	Phường
80	25657	Xã Thạnh Đức	Xã
80	25663	Xã Phước Thạnh	Xã
80	25666	Xã Truông Mít	Xã
80	25672	Phường Gia Lộc	Phường
80	25681	Xã Bến Cầu	Xã
80	25684	Xã Long Chữ	Xã
80	25702	Xã Long Thuận	Xã
80	25708	Phường Trảng Bàng	Phường
80	25711	Xã Hưng Thuận	Xã
80	25729	Xã Phước Chỉ	Xã
80	25732	Phường An Tịnh	Phường
80	27694	Phường Long An	Phường
80	27712	Phường Tân An	Phường
80	27715	Phường Khánh Hậu	Phường
80	27721	Xã Tân Hưng	Xã
80	27727	Xã Hưng Điền	Xã
80	27736	Xã Vĩnh Thạnh	Xã
80	27748	Xã Vĩnh Châu	Xã
80	27757	Xã Vĩnh Hưng	Xã
80	27763	Xã Khánh Hưng	Xã
80	27775	Xã Tuyên Bình	Xã
80	27787	Phường Kiến Tường	Phường
80	27793	Xã Bình Hiệp	Xã
80	27811	Xã Bình Hòa	Xã
80	27817	Xã Tuyên Thạnh	Xã
80	27823	Xã Mộc Hóa	Xã
80	27826	Xã Tân Thạnh	Xã
80	27838	Xã Nhơn Hòa Lập	Xã
80	27841	Xã Hậu Thạnh	Xã
80	27856	Xã Nhơn Ninh	Xã
80	27865	Xã Thạnh Hóa	Xã
80	27868	Xã Bình Thành	Xã
80	27877	Xã Thạnh Phước	Xã
80	27889	Xã Tân Tây	Xã
80	27898	Xã Đông Thành	Xã
80	27907	Xã Mỹ Quý	Xã
80	27925	Xã Đức Huệ	Xã
80	27931	Xã Hậu Nghĩa	Xã
80	27937	Xã Đức Hòa	Xã
80	27943	Xã An Ninh	Xã
80	27952	Xã Hiệp Hòa	Xã
80	27964	Xã Đức Lập	Xã
80	27976	Xã Mỹ Hạnh	Xã
80	27979	Xã Hòa Khánh	Xã
80	27991	Xã Bến Lức	Xã
80	27994	Xã Thạnh Lợi	Xã
80	28003	Xã Lương Hòa	Xã
80	28015	Xã Bình Đức	Xã
80	28018	Xã Mỹ Yên	Xã
80	28036	Xã Thủ Thừa	Xã
80	28051	Xã Mỹ Thạnh	Xã
80	28066	Xã Mỹ An	Xã
80	28072	Xã Tân Long	Xã
80	28075	Xã Tân Trụ	Xã
80	28087	Xã Nhựt Tảo	Xã
80	28093	Xã Vàm Cỏ	Xã
80	28108	Xã Cần Đước	Xã
80	28114	Xã Rạch Kiến	Xã
80	28126	Xã Long Cang	Xã
80	28132	Xã Mỹ Lệ	Xã
80	28138	Xã Tân Lân	Xã
80	28144	Xã Long Hựu	Xã
80	28159	Xã Cần Giuộc	Xã
80	28165	Xã Phước Lý	Xã
80	28177	Xã Mỹ Lộc	Xã
80	28201	Xã Phước Vĩnh Tây	Xã
80	28207	Xã Tân Tập	Xã
80	28210	Xã Tầm Vu	Xã
80	28222	Xã Vĩnh Công	Xã
80	28225	Xã Thuận Mỹ	Xã
80	28243	Xã An Lục Long	Xã
82	28249	Phường Đạo Thạnh	Phường
82	28261	Phường Mỹ Tho	Phường
82	28270	Phường Thới Sơn	Phường
82	28273	Phường Mỹ Phong	Phường
82	28285	Phường Trung An	Phường
82	28297	Phường Long Thuận	Phường
82	28306	Phường Gò Công	Phường
82	28315	Phường Bình Xuân	Phường
82	28321	Xã Tân Phước 1	Xã
82	28327	Xã Tân Phước 2	Xã
82	28336	Xã Hưng Thạnh	Xã
82	28345	Xã Tân Phước 3	Xã
82	28360	Xã Cái Bè	Xã
82	28366	Xã Hậu Mỹ	Xã
82	28378	Xã Mỹ Thiện	Xã
82	28393	Xã Hội Cư	Xã
82	28405	Xã Mỹ Đức Tây	Xã
82	28414	Xã Mỹ Lợi	Xã
82	28426	Xã Thanh Hưng	Xã
82	28429	Xã An Hữu	Xã
82	28435	Phường Mỹ Phước Tây	Phường
82	28436	Phường Thanh Hòa	Phường
82	28439	Phường Cai Lậy	Phường
82	28444	Xã Thạnh Phú	Xã
82	28456	Xã Mỹ Thành	Xã
82	28468	Xã Tân Phú	Xã
82	28471	Xã Bình Phú	Xã
82	28477	Phường Nhị Quý	Phường
82	28501	Xã Hiệp Đức	Xã
82	28504	Xã Long Tiên	Xã
82	28516	Xã Ngũ Hiệp	Xã
82	28519	Xã Châu Thành	Xã
82	28525	Xã Tân Hương	Xã
82	28537	Xã Long Hưng	Xã
82	28543	Xã Long Định	Xã
82	28564	Xã Bình Trưng	Xã
82	28576	Xã Vĩnh Kim	Xã
82	28582	Xã Kim Sơn	Xã
82	28594	Xã Chợ Gạo	Xã
82	28603	Xã Mỹ Tịnh An	Xã
82	28615	Xã Lương Hòa Lạc	Xã
82	28627	Xã Tân Thuận Bình	Xã
82	28633	Xã An Thạnh Thủy	Xã
82	28648	Xã Bình Ninh	Xã
82	28651	Xã Vĩnh Bình	Xã
82	28660	Xã Đồng Sơn	Xã
82	28663	Xã Phú Thành	Xã
82	28678	Xã Vĩnh Hựu	Xã
82	28687	Xã Long Bình	Xã
82	28693	Xã Tân Thới	Xã
82	28696	Xã Tân Phú Đông	Xã
82	28702	Xã Tân Hòa	Xã
82	28720	Xã Gia Thuận	Xã
82	28723	Xã Tân Đông	Xã
82	28729	Phường Sơn Qui	Phường
82	28738	Xã Tân Điền	Xã
82	28747	Xã Gò Công Đông	Xã
82	29869	Phường Cao Lãnh	Phường
82	29884	Phường Mỹ Ngãi	Phường
82	29888	Phường Mỹ Trà	Phường
82	29905	Phường Sa Đéc	Phường
82	29926	Xã Tân Hồng	Xã
82	29929	Xã Tân Hộ Cơ	Xã
82	29938	Xã Tân Thành	Xã
82	29944	Xã An Phước	Xã
82	29954	Phường An Bình	Phường
82	29955	Phường Hồng Ngự	Phường
82	29971	Xã Thường Phước	Xã
82	29978	Phường Thường Lạc	Phường
82	29983	Xã Long Khánh	Xã
82	29992	Xã Long Phú Thuận	Xã
82	30001	Xã Tràm Chim	Xã
82	30010	Xã Tam Nông	Xã
82	30019	Xã An Hòa	Xã
82	30025	Xã Phú Cường	Xã
82	30028	Xã An Long	Xã
82	30034	Xã Phú Thọ	Xã
82	30037	Xã Tháp Mười	Xã
82	30043	Xã Phương Thịnh	Xã
82	30046	Xã Trường Xuân	Xã
82	30055	Xã Mỹ Quí	Xã
82	30061	Xã Đốc Binh Kiều	Xã
82	30073	Xã Thanh Mỹ	Xã
82	30076	Xã Mỹ Thọ	Xã
82	30085	Xã Ba Sao	Xã
82	30088	Xã Phong Mỹ	Xã
82	30112	Xã Mỹ Hiệp	Xã
82	30118	Xã Bình Hàng Trung	Xã
82	30130	Xã Thanh Bình	Xã
82	30154	Xã Tân Long	Xã
82	30157	Xã Tân Thạnh	Xã
82	30163	Xã Bình Thành	Xã
82	30169	Xã Lấp Vò	Xã
82	30178	Xã Mỹ An Hưng	Xã
82	30184	Xã Tân Khánh Trung	Xã
82	30208	Xã Hòa Long	Xã
82	30214	Xã Tân Dương	Xã
82	30226	Xã Lai Vung	Xã
82	30235	Xã Phong Hòa	Xã
82	30244	Xã Phú Hựu	Xã
82	30253	Xã Tân Nhuận Đông	Xã
82	30259	Xã Tân Phú Trung	Xã
86	28756	Phường Phú Khương	Phường
86	28777	Phường An Hội	Phường
86	28783	Phường Sơn Đông	Phường
86	28789	Phường Bến Tre	Phường
86	28807	Xã Giao Long	Xã
86	28810	Xã Phú Túc	Xã
86	28840	Xã Tân Phú	Xã
86	28858	Phường Phú Tân	Phường
86	28861	Xã Tiên Thủy	Xã
86	28870	Xã Chợ Lách	Xã
86	28879	Xã Phú Phụng	Xã
86	28894	Xã Vĩnh Thành	Xã
86	28901	Xã Hưng Khánh Trung	Xã
86	28903	Xã Mỏ Cày	Xã
86	28915	Xã Phước Mỹ Trung	Xã
86	28921	Xã Tân Thành Bình	Xã
86	28945	Xã Đồng Khởi	Xã
86	28948	Xã Nhuận Phú Tân	Xã
86	28957	Xã An Định	Xã
86	28969	Xã Thành Thới	Xã
86	28981	Xã Hương Mỹ	Xã
86	28984	Xã Giồng Trôm	Xã
86	28987	Xã Lương Hòa	Xã
86	28993	Xã Lương Phú	Xã
86	28996	Xã Châu Hòa	Xã
86	29020	Xã Phước Long	Xã
86	29029	Xã Tân Hào	Xã
86	29044	Xã Hưng Nhượng	Xã
86	29050	Xã Bình Đại	Xã
86	29062	Xã Phú Thuận	Xã
86	29077	Xã Lộc Thuận	Xã
86	29083	Xã Châu Hưng	Xã
86	29089	Xã Thạnh Trị	Xã
86	29104	Xã Thạnh Phước	Xã
86	29107	Xã Thới Thuận	Xã
86	29110	Xã Ba Tri	Xã
86	29122	Xã Mỹ Chánh Hòa	Xã
86	29125	Xã Bảo Thạnh	Xã
86	29137	Xã Tân Xuân	Xã
86	29143	Xã An Ngãi Trung	Xã
86	29158	Xã An Hiệp	Xã
86	29167	Xã Tân Thủy	Xã
86	29182	Xã Thạnh Phú	Xã
86	29191	Xã Quới Điền	Xã
86	29194	Xã Đại Điền	Xã
86	29221	Xã Thạnh Hải	Xã
86	29224	Xã An Qui	Xã
86	29227	Xã Thạnh Phong	Xã
86	29242	Phường Trà Vinh	Phường
86	29254	Phường Nguyệt Hóa	Phường
86	29263	Phường Long Đức	Phường
86	29266	Xã Càng Long	Xã
86	29275	Xã An Trường	Xã
86	29278	Xã Tân An	Xã
86	29287	Xã Bình Phú	Xã
86	29302	Xã Nhị Long	Xã
86	29308	Xã Cầu Kè	Xã
86	29317	Xã An Phú Tân	Xã
86	29329	Xã Phong Thạnh	Xã
86	29335	Xã Tam Ngãi	Xã
86	29341	Xã Tiểu Cần	Xã
86	29362	Xã Hùng Hòa	Xã
86	29365	Xã Tập Ngãi	Xã
86	29371	Xã Tân Hòa	Xã
86	29374	Xã Châu Thành	Xã
86	29386	Xã Song Lộc	Xã
86	29398	Phường Hòa Thuận	Phường
86	29407	Xã Hưng Mỹ	Xã
86	29410	Xã Hòa Minh	Xã
86	29413	Xã Long Hòa	Xã
86	29416	Xã Cầu Ngang	Xã
86	29419	Xã Mỹ Long	Xã
86	29431	Xã Vinh Kim	Xã
86	29446	Xã Nhị Trường	Xã
86	29455	Xã Hiệp Mỹ	Xã
86	29461	Xã Trà Cú	Xã
86	29467	Xã Tập Sơn	Xã
86	29476	Xã Lưu Nghiệp Anh	Xã
86	29489	Xã Hàm Giang	Xã
86	29491	Xã Đại An	Xã
86	29497	Xã Đôn Châu	Xã
86	29506	Xã Long Hiệp	Xã
86	29512	Phường Duyên Hải	Phường
86	29513	Xã Long Thành	Xã
86	29516	Phường Trường Long Hòa	Phường
86	29518	Xã Long Hữu	Xã
86	29530	Xã Ngũ Lạc	Xã
86	29533	Xã Long Vĩnh	Xã
86	29536	Xã Đông Hải	Xã
86	29551	Phường Long Châu	Phường
86	29557	Phường Phước Hậu	Phường
86	29566	Phường Tân Ngãi	Phường
86	29584	Xã An Bình	Xã
86	29590	Phường Thanh Đức	Phường
86	29593	Phường Tân Hạnh	Phường
86	29602	Xã Long Hồ	Xã
86	29611	Xã Phú Quới	Xã
86	29623	Xã Nhơn Phú	Xã
86	29638	Xã Bình Phước	Xã
86	29641	Xã Cái Nhum	Xã
86	29653	Xã Tân Long Hội	Xã
86	29659	Xã Trung Thành	Xã
86	29668	Xã Quới An	Xã
86	29677	Xã Quới Thiện	Xã
86	29683	Xã Trung Hiệp	Xã
86	29698	Xã Trung Ngãi	Xã
86	29701	Xã Hiếu Phụng	Xã
86	29713	Xã Hiếu Thành	Xã
86	29719	Xã Tam Bình	Xã
86	29728	Xã Cái Ngang	Xã
86	29734	Xã Hòa Hiệp	Xã
86	29740	Xã Song Phú	Xã
86	29767	Xã Ngãi Tứ	Xã
86	29770	Phường Cái Vồn	Phường
86	29771	Phường Bình Minh	Phường
86	29785	Xã Tân Lược	Xã
86	29788	Xã Mỹ Thuận	Xã
86	29800	Xã Tân Quới	Xã
86	29812	Phường Đông Thành	Phường
86	29821	Xã Trà Ôn	Xã
86	29830	Xã Hòa Bình	Xã
86	29836	Xã Trà Côn	Xã
86	29845	Xã Vĩnh Xuân	Xã
86	29857	Xã Lục Sĩ Thành	Xã
91	30292	Phường Bình Đức	Phường
91	30301	Phường Mỹ Thới	Phường
91	30307	Phường Long Xuyên	Phường
91	30313	Xã Mỹ Hòa Hưng	Xã
91	30316	Phường Châu Đốc	Phường
91	30325	Phường Vĩnh Tế	Phường
91	30337	Xã An Phú	Xã
91	30341	Xã Khánh Bình	Xã
91	30346	Xã Nhơn Hội	Xã
91	30352	Xã Phú Hữu	Xã
91	30367	Xã Vĩnh Hậu	Xã
91	30376	Phường Tân Châu	Phường
91	30377	Phường Long Phú	Phường
91	30385	Xã Vĩnh Xương	Xã
91	30388	Xã Tân An	Xã
91	30403	Xã Châu Phong	Xã
91	30406	Xã Phú Tân	Xã
91	30409	Xã Chợ Vàm	Xã
91	30421	Xã Phú Lâm	Xã
91	30430	Xã Hòa Lạc	Xã
91	30436	Xã Phú An	Xã
91	30445	Xã Bình Thạnh Đông	Xã
91	30463	Xã Châu Phú	Xã
91	30469	Xã Mỹ Đức	Xã
91	30478	Xã Vĩnh Thạnh Trung	Xã
91	30481	Xã Thạnh Mỹ Tây	Xã
91	30487	Xã Bình Mỹ	Xã
91	30502	Phường Thới Sơn	Phường
91	30505	Phường Chi Lăng	Phường
91	30520	Phường Tịnh Biên	Phường
91	30526	Xã An Cư	Xã
91	30538	Xã Núi Cấm	Xã
91	30544	Xã Tri Tôn	Xã
91	30547	Xã Ba Chúc	Xã
91	30568	Xã Vĩnh Gia	Xã
91	30577	Xã Ô Lâm	Xã
91	30580	Xã Cô Tô	Xã
91	30589	Xã An Châu	Xã
91	30595	Xã Cần Đăng	Xã
91	30604	Xã Vĩnh An	Xã
91	30607	Xã Bình Hòa	Xã
91	30619	Xã Vĩnh Hanh	Xã
91	30628	Xã Chợ Mới	Xã
91	30631	Xã Long Điền	Xã
91	30643	Xã Cù Lao Giêng	Xã
91	30658	Xã Nhơn Mỹ	Xã
91	30664	Xã Long Kiến	Xã
91	30673	Xã Hội An	Xã
91	30682	Xã Thoại Sơn	Xã
91	30685	Xã Phú Hòa	Xã
91	30688	Xã Óc Eo	Xã
91	30691	Xã Tây Phú	Xã
91	30697	Xã Vĩnh Trạch	Xã
91	30709	Xã Định Mỹ	Xã
91	30742	Phường Rạch Giá	Phường
91	30760	Phường Vĩnh Thông	Phường
91	30766	Phường Tô Châu	Phường
91	30769	Phường Hà Tiên	Phường
91	30781	Xã Tiên Hải	Xã
91	30787	Xã Kiên Lương	Xã
91	30790	Xã Hòa Điền	Xã
91	30793	Xã Vĩnh Điều	Xã
91	30796	Xã Giang Thành	Xã
91	30811	Xã Sơn Hải	Xã
91	30814	Xã Hòn Nghệ	Xã
91	30817	Xã Hòn Đất	Xã
91	30823	Xã Bình Sơn	Xã
91	30826	Xã Bình Giang	Xã
91	30835	Xã Sơn Kiên	Xã
91	30838	Xã Mỹ Thuận	Xã
91	30850	Xã Tân Hiệp	Xã
91	30856	Xã Tân Hội	Xã
91	30874	Xã Thạnh Đông	Xã
91	30880	Xã Châu Thành	Xã
91	30886	Xã Thạnh Lộc	Xã
91	30898	Xã Bình An	Xã
91	30904	Xã Giồng Riềng	Xã
91	30910	Xã Thạnh Hưng	Xã
91	30928	Xã Ngọc Chúc	Xã
91	30934	Xã Hòa Hưng	Xã
91	30943	Xã Long Thạnh	Xã
91	30949	Xã Hòa Thuận	Xã
91	30952	Xã Gò Quao	Xã
91	30958	Xã Định Hòa	Xã
91	30970	Xã Vĩnh Hòa Hưng	Xã
91	30982	Xã Vĩnh Tuy	Xã
91	30985	Xã An Biên	Xã
91	30988	Xã Tây Yên	Xã
91	31006	Xã Đông Thái	Xã
91	31012	Xã Vĩnh Hòa	Xã
91	31018	Xã An Minh	Xã
91	31024	Xã Đông Hòa	Xã
91	31027	Xã U Minh Thượng	Xã
91	31031	Xã Tân Thạnh	Xã
91	31036	Xã Đông Hưng	Xã
91	31042	Xã Vân Khánh	Xã
91	31051	Xã Vĩnh Phong	Xã
91	31064	Xã Vĩnh Bình	Xã
91	31069	Xã Vĩnh Thuận	Xã
91	31078	Đặc khu Phú Quốc	Đặc khu
91	31105	Đặc khu Thổ Châu	Đặc khu
91	31108	Đặc khu Kiên Hải	Đặc khu
92	31120	Phường Cái Khế	Phường
92	31135	Phường Ninh Kiều	Phường
92	31147	Phường Tân An	Phường
92	31150	Phường An Bình	Phường
92	31153	Phường Ô Môn	Phường
92	31157	Phường Thới Long	Phường
92	31162	Phường Phước Thới	Phường
92	31168	Phường Bình Thủy	Phường
92	31174	Phường Thới An Đông	Phường
92	31183	Phường Long Tuyền	Phường
92	31186	Phường Cái Răng	Phường
92	31201	Phường Hưng Phú	Phường
92	31207	Phường Thốt Nốt	Phường
92	31213	Phường Tân Lộc	Phường
92	31217	Phường Trung Nhứt	Phường
92	31228	Phường Thuận Hưng	Phường
92	31231	Xã Thạnh An	Xã
92	31232	Xã Vĩnh Thạnh	Xã
92	31237	Xã Vĩnh Trinh	Xã
92	31246	Xã Thạnh Quới	Xã
92	31249	Xã Thạnh Phú	Xã
92	31255	Xã Trung Hưng	Xã
92	31258	Xã Thới Lai	Xã
92	31261	Xã Cờ Đỏ	Xã
92	31264	Xã Thới Hưng	Xã
92	31273	Xã Đông Hiệp	Xã
92	31282	Xã Đông Thuận	Xã
92	31288	Xã Trường Thành	Xã
92	31294	Xã Trường Xuân	Xã
92	31299	Xã Phong Điền	Xã
92	31309	Xã Trường Long	Xã
92	31315	Xã Nhơn Ái	Xã
92	31321	Phường Vị Thanh	Phường
92	31333	Phường Vị Tân	Phường
92	31338	Xã Hỏa Lựu	Xã
92	31340	Phường Ngã Bảy	Phường
92	31342	Xã Tân Hòa	Xã
92	31348	Xã Trường Long Tây	Xã
92	31360	Xã Thạnh Xuân	Xã
92	31366	Xã Châu Thành	Xã
92	31369	Xã Đông Phước	Xã
92	31378	Xã Phú Hữu	Xã
92	31393	Xã Hòa An	Xã
92	31396	Xã Hiệp Hưng	Xã
92	31399	Xã Tân Bình	Xã
92	31408	Xã Thạnh Hòa	Xã
92	31411	Phường Đại Thành	Phường
92	31420	Xã Phụng Hiệp	Xã
92	31426	Xã Phương Bình	Xã
92	31432	Xã Tân Phước Hưng	Xã
92	31441	Xã Vị Thủy	Xã
92	31453	Xã Vĩnh Thuận Đông	Xã
92	31459	Xã Vĩnh Tường	Xã
92	31465	Xã Vị Thanh 1	Xã
92	31471	Phường Long Mỹ	Phường
92	31473	Phường Long Bình	Phường
92	31480	Phường Long Phú 1	Phường
92	31489	Xã Vĩnh Viễn	Xã
92	31492	Xã Lương Tâm	Xã
92	31495	Xã Xà Phiên	Xã
92	31507	Phường Sóc Trăng	Phường
92	31510	Phường Phú Lợi	Phường
92	31528	Xã Kế Sách	Xã
92	31531	Xã An Lạc Thôn	Xã
92	31537	Xã Phong Nẫm	Xã
92	31540	Xã Thới An Hội	Xã
92	31552	Xã Nhơn Mỹ	Xã
92	31561	Xã Đại Hải	Xã
92	31567	Xã Mỹ Tú	Xã
92	31569	Xã Phú Tâm	Xã
92	31570	Xã Hồ Đắc Kiện	Xã
92	31579	Xã Long Hưng	Xã
92	31582	Xã Thuận Hòa	Xã
92	31591	Xã Mỹ Hương	Xã
92	31594	Xã An Ninh	Xã
92	31603	Xã Mỹ Phước	Xã
92	31615	Xã An Thạnh	Xã
92	31633	Xã Cù Lao Dung	Xã
92	31639	Xã Long Phú	Xã
92	31645	Xã Đại Ngãi	Xã
92	31654	Xã Trường Khánh	Xã
92	31666	Xã Tân Thạnh	Xã
92	31673	Xã Trần Đề	Xã
92	31675	Xã Liêu Tú	Xã
92	31679	Xã Lịch Hội Thượng	Xã
92	31684	Phường Mỹ Xuyên	Phường
92	31687	Xã Tài Văn	Xã
92	31699	Xã Thạnh Thới An	Xã
92	31708	Xã Nhu Gia	Xã
92	31717	Xã Hòa Tú	Xã
92	31723	Xã Ngọc Tố	Xã
92	31726	Xã Gia Hòa	Xã
92	31732	Phường Ngã Năm	Phường
92	31741	Xã Tân Long	Xã
92	31753	Phường Mỹ Quới	Phường
92	31756	Xã Phú Lộc	Xã
92	31759	Xã Lâm Tân	Xã
92	31777	Xã Vĩnh Lợi	Xã
92	31783	Phường Vĩnh Châu	Phường
92	31789	Phường Khánh Hòa	Phường
92	31795	Xã Vĩnh Hải	Xã
92	31804	Phường Vĩnh Phước	Phường
92	31810	Xã Lai Hòa	Xã
96	31825	Phường Bạc Liêu	Phường
96	31834	Phường Vĩnh Trạch	Phường
96	31840	Phường Hiệp Thành	Phường
96	31843	Xã Hồng Dân	Xã
96	31849	Xã Ninh Quới	Xã
96	31858	Xã Vĩnh Lộc	Xã
96	31864	Xã Ninh Thạnh Lợi	Xã
96	31867	Xã Phước Long	Xã
96	31876	Xã Vĩnh Phước	Xã
96	31882	Xã Vĩnh Thanh	Xã
96	31885	Xã Phong Hiệp	Xã
96	31891	Xã Hòa Bình	Xã
96	31894	Xã Châu Thới	Xã
96	31900	Xã Vĩnh Lợi	Xã
96	31906	Xã Hưng Hội	Xã
96	31918	Xã Vĩnh Mỹ	Xã
96	31927	Xã Vĩnh Hậu	Xã
96	31942	Phường Giá Rai	Phường
96	31951	Phường Láng Tròn	Phường
96	31957	Xã Phong Thạnh	Xã
96	31972	Xã Gành Hào	Xã
96	31975	Xã Đông Hải	Xã
96	31985	Xã Long Điền	Xã
96	31988	Xã An Trạch	Xã
96	31993	Xã Định Thành	Xã
96	32002	Phường An Xuyên	Phường
96	32014	Phường Lý Văn Lâm	Phường
96	32025	Phường Tân Thành	Phường
96	32041	Phường Hòa Thành	Phường
96	32044	Xã Nguyễn Phích	Xã
96	32047	Xã U Minh	Xã
96	32059	Xã Khánh An	Xã
96	32062	Xã Khánh Lâm	Xã
96	32065	Xã Thới Bình	Xã
96	32069	Xã Biển Bạch	Xã
96	32071	Xã Trí Phải	Xã
96	32083	Xã Tân Lộc	Xã
96	32092	Xã Hồ Thị Kỷ	Xã
96	32095	Xã Trần Văn Thời	Xã
96	32098	Xã Sông Đốc	Xã
96	32104	Xã Đá Bạc	Xã
96	32110	Xã Khánh Bình	Xã
96	32119	Xã Khánh Hưng	Xã
96	32128	Xã Cái Nước	Xã
96	32134	Xã Lương Thế Trân	Xã
96	32137	Xã Tân Hưng	Xã
96	32140	Xã Hưng Mỹ	Xã
96	32152	Xã Đầm Dơi	Xã
96	32155	Xã Tạ An Khương	Xã
96	32161	Xã Trần Phán	Xã
96	32167	Xã Tân Thuận	Xã
96	32182	Xã Quách Phẩm	Xã
96	32185	Xã Thanh Tùng	Xã
96	32188	Xã Tân Tiến	Xã
96	32191	Xã Năm Căn	Xã
96	32201	Xã Đất Mới	Xã
96	32206	Xã Tam Giang	Xã
96	32212	Xã Cái Đôi Vàm	Xã
96	32214	Xã Phú Mỹ	Xã
96	32218	Xã Phú Tân	Xã
96	32227	Xã Nguyễn Việt Khái	Xã
96	32236	Xã Tân Ân	Xã
96	32244	Xã Phan Ngọc Hiển	Xã
96	32248	Xã Đất Mũi	Xã
