province	prefixes
An Giang	90 91 92
Bắc Ninh	16 26
Cà Mau	97 98
Cao Bằng	21
TP. Cần Thơ	94 95 96
TP. Đà Nẵng	50 51 52
Đắk Lắk	56 63 64
Điện Biên	32
Đồng Nai	67 76
Đồng Tháp	81 84
Gia Lai	55 61 62
TP. Hà Nội	10 11 12 13 14
Hà Tĩnh	45 46
TP. Hải Phòng	03 04 05
TP. Hồ Chí Minh	70 71 72 73 74 75 78
TP. Huế	49
Hưng Yên	06 17
Khánh Hòa	57 59
Lai Châu	30
Lạng Sơn	25
Lào Cai	31 33
Lâm Đồng	65 66 77
Ninh Bình	07 08 18
Nghệ An	43 44
Phú Thọ	15 35 36
Quảng Ninh	01 02
Quảng Ngãi	53 54 60
Quảng Trị	47 48
Sơn La	34
Tây Ninh	80 82 83
Tuyên Quang	20 22
Thái Nguyên	23 24
Thanh Hóa	40 41 42
Vĩnh Long	85 86 87
