province_code	name	region
01	Thành phố Hà Nội	Red River Delta
04	Tỉnh Cao Bằng	Northeast
08	Tỉnh Tuyên Quang	Northeast
11	Tỉnh Điện Biên	Northwest
12	Tỉnh Lai Châu	Northwest
14	Tỉnh Sơn La	Northwest
15	Tỉnh Lào Cai	Northeast
19	Tỉnh Thái Nguyên	Northeast
20	Tỉnh Lạng Sơn	Northeast
22	Thành phố Quảng Ninh	Red River Delta
24	Thành phố Bắc Ninh	Red River Delta
25	Tỉnh Phú Thọ	Northeast
31	Thành phố Hải Phòng	Red River Delta
33	Tỉnh Hưng Yên	Red River Delta
37	Tỉnh Ninh Bình	Red River Delta
38	Tỉnh Thanh Hóa	North Central Coast
40	Tỉnh Nghệ An	North Central Coast
42	Tỉnh Hà Tĩnh	North Central Coast
44	Tỉnh Quảng Trị	North Central Coast
46	Thành phố Huế	North Central Coast
48	Thành phố Đà Nẵng	South Central Coast
51	Tỉnh Quảng Ngãi	South Central Coast
52	Tỉnh Gia Lai	Central Highlands
56	Tỉnh Khánh Hòa	South Central Coast
66	Tỉnh Đắk Lắk	Central Highlands
68	Tỉnh Lâm Đồng	Central Highlands
75	Thành phố Đồng Nai	Southeast
79	Thành phố Hồ Chí Minh	Southeast
80	Tỉnh Tây Ninh	Southeast
82	Tỉnh Đồng Tháp	Mekong Delta
86	Tỉnh Vĩnh Long	Mekong Delta
91	Tỉnh An Giang	Mekong Delta
92	Thành phố Cần Thơ	Mekong Delta
96	Tỉnh Cà Mau	Mekong Delta
